Year,Reporter Code,Trade Flow Code,Partner Code,Classification,Commodity Code,Quantity Unit Code,Supplementary Quantity,Netweight (kg),Value,Estimation Code
2014,388,1,0,H4,9,1,,,9631093,0
2014,388,2,0,H4,9,1,,,22976747,0
2014,388,3,0,H4,9,1,,,1069268,0
2014,388,1,0,H4,901,8,451436,451436,2257301,0
2014,388,2,0,H4,901,8,548257,548257,15807257,0
2014,388,3,0,H4,901,8,13,13,6597,0
2014,388,1,0,H4,90111,8,321463,321463,1762253,0
2014,388,2,0,H4,90111,8,449360,449360,13485680,0
2014,388,3,0,H4,90111,8,11,11,6557,0
2014,388,1,0,H4,90112,8,129926,129926,493875,0
2014,388,2,0,H4,90112,8,23595,23595,254345,0
2014,388,1,0,H4,90121,8,34,34,1146,0
2014,388,2,0,H4,90121,8,62378,62378,1795720,0
2014,388,3,0,H4,90121,8,2,2,40,0
2014,388,1,0,H4,90122,8,13,13,27,0
2014,388,2,0,H4,90122,8,10990,10990,194570,0
2014,388,2,0,H4,90190,8,1934,1934,76942,0
2014,388,1,0,H4,902,8,287385,287385,2126164,0
2014,388,2,0,H4,902,8,482017,482017,2783584,0
2014,388,3,0,H4,902,8,142904,142904,804110,0
2014,388,1,0,H4,90210,8,111532,111532,1031396,0
2014,388,2,0,H4,90210,8,38692,38692,228065,0
2014,388,3,0,H4,90210,8,2093,2093,16953,0
2014,388,1,0,H4,90220,8,114529,114529,760171,0
2014,388,2,0,H4,90220,8,21658,21658,143283,0
2014,388,3,0,H4,90220,8,13856,13856,100453,0
2014,388,1,0,H4,90230,8,4660,4660,62378,0
2014,388,2,0,H4,90230,8,282784,282784,2107660,0
2014,388,3,0,H4,90230,8,125955,125955,677283,0
2014,388,1,0,H4,90240,8,56663,56663,272220,0
2014,388,2,0,H4,90240,8,138882,138882,304576,0
2014,388,3,0,H4,90240,8,1000,1000,9420,0
2014,388,2,0,H4,903,8,13,13,75,0
2014,388,3,0,H4,903,8,13,13,75,0
2014,388,2,0,H4,90300,8,13,13,75,0
2014,388,3,0,H4,90300,8,13,13,75,0
2014,388,1,0,H4,904,8,379935,379935,2598173,0
2014,388,2,0,H4,904,8,314632,314632,1944488,0
2014,388,1,0,H4,90411,8,171742,171742,1596840,0
2014,388,2,0,H4,90411,8,7071,7071,35317,0
2014,388,1,0,H4,90412,8,120180,120180,694121,0
2014,388,2,0,H4,90412,8,51668,51668,158403,0
2014,388,1,0,H4,90421,8,30278,30278,157482,0
2014,388,2,0,H4,90421,8,192598,192598,1389564,0
2014,388,1,0,H4,90422,8,57734,57734,149730,0
2014,388,2,0,H4,90422,8,63295,63295,361205,0
2014,388,1,0,H4,905,8,22896,22896,120938,0
2014,388,2,0,H4,905,8,7090,7090,16363,0
2014,388,3,0,H4,905,8,116,116,303,0
2014,388,1,0,H4,90510,8,9142,9142,44096,0
2014,388,2,0,H4,90510,8,7090,7090,16363,0
2014,388,3,0,H4,90510,8,116,116,303,0
2014,388,1,0,H4,90520,8,13754,13754,76842,0
2014,388,1,0,H4,906,8,57309,57309,163595,0
2014,388,2,0,H4,906,8,202,202,1500,0
2014,388,1,0,H4,90611,8,652,652,3637,0
2014,388,2,0,H4,90611,8,11,11,25,0
2014,388,1,0,H4,90619,8,1724,1724,5907,0
2014,388,2,0,H4,90619,8,17,17,51,0
2014,388,1,0,H4,90620,8,54932,54932,154051,0
2014,388,2,0,H4,90620,8,174,174,1425,0
2014,388,1,0,H4,907,8,6175,6175,45564,0
2014,388,1,0,H4,90710,8,2405,2405,26003,0
2014,388,1,0,H4,90720,8,3770,3770,19561,0
2014,388,1,0,H4,908,8,44760,44760,758573,0
2014,388,2,0,H4,908,8,312,312,1850,0
2014,388,1,0,H4,90811,8,19227,19227,439379,0
2014,388,2,0,H4,90811,8,308,308,1828,0
2014,388,1,0,H4,90812,8,24563,24563,309754,0
2014,388,2,0,H4,90812,8,4,4,22,0
2014,388,1,0,H4,90822,8,958,958,9141,0
2014,388,1,0,H4,90831,8,6,6,191,0
2014,388,1,0,H4,90832,8,7,7,109,0
2014,388,1,0,H4,909,8,45566,45566,190628,0
2014,388,1,0,H4,90921,8,18644,18644,78954,0
2014,388,1,0,H4,90922,8,5162,5162,18547,0
2014,388,1,0,H4,90931,8,5780,5780,28009,0
2014,388,1,0,H4,90932,8,4736,4736,17483,0
2014,388,1,0,H4,90961,8,1549,1549,6067,0
2014,388,1,0,H4,90962,8,9696,9696,41569,0
2014,388,1,0,H4,910,8,380974,380974,1329467,0
2014,388,2,0,H4,910,8,450025,450025,1612207,0
2014,388,3,0,H4,910,8,19573,19573,163865,0
2014,388,1,0,H4,91011,8,14686,14686,77935,0
2014,388,2,0,H4,91011,8,66851,66851,339112,0
2014,388,3,0,H4,91011,8,18279,18279,132919,0
2014,388,1,0,H4,91012,8,24437,24437,130445,0
2014,388,2,0,H4,91012,8,3309,3309,19535,0
2014,388,3,0,H4,91012,8,706,706,5219,0
2014,388,1,0,H4,91020,8,4493,4493,19213,0
2014,388,1,0,H4,91030,8,251346,251346,636580,0
2014,388,2,0,H4,91030,8,196480,196480,301679,0
2014,388,1,0,H4,91091,8,3163,3163,20115,0
2014,388,2,0,H4,91091,8,1402,1402,2205,0
2014,388,1,0,H4,91099,8,82848,82848,445179,0
2014,388,2,0,H4,91099,8,181983,181983,949676,0
2014,388,3,0,H4,91099,8,588,588,25727,0
2015,388,1,0,H4,9,1,,,10170703,0
2015,388,2,0,H4,9,1,,,32038076,0
2015,388,3,0,H4,9,1,,,480083,0
2015,388,1,0,H4,901,8,547489,547489,2805644,0
2015,388,2,0,H4,901,8,598501,598501,26966286,0
2015,388,1,0,H4,90111,8,432519,432519,2262047,0
2015,388,2,0,H4,90111,8,555039,555039,25197000,0
2015,388,1,0,H4,90112,8,110817,110817,511406,0
2015,388,2,0,H4,90112,8,2966,2966,312588,0
2015,388,1,0,H4,90121,8,12,12,41,0
2015,388,2,0,H4,90121,8,30565,30565,1154911,0
2015,388,1,0,H4,90122,8,4101,4101,31822,0
2015,388,2,0,H4,90122,8,6544,6544,139608,0
2015,388,1,0,H4,90190,8,40,40,328,0
2015,388,2,0,H4,90190,8,3387,3387,162179,0
2015,388,1,0,H4,902,8,252494,252494,1954318,0
2015,388,2,0,H4,902,8,197708,197708,1866133,0
2015,388,3,0,H4,902,8,43813,43813,301789,0
2015,388,1,0,H4,90210,8,121112,121112,1139648,0
2015,388,2,0,H4,90210,8,12279,12279,117866,0
2015,388,1,0,H4,90220,8,66624,66624,505799,0
2015,388,2,0,H4,90220,8,1897,1897,14493,0
2015,388,1,0,H4,90230,8,6252,6252,65544,0
2015,388,2,0,H4,90230,8,149820,149820,1383750,0
2015,388,3,0,H4,90230,8,43813,43813,301789,0
2015,388,1,0,H4,90240,8,58506,58506,243327,0
2015,388,2,0,H4,90240,8,33712,33712,350024,0
2015,388,1,0,H4,904,8,480438,480438,3318995,0
2015,388,2,0,H4,904,8,226450,226450,1555362,0
2015,388,1,0,H4,90411,8,186466,186466,2100971,0
2015,388,2,0,H4,90411,8,30338,30338,117649,0
2015,388,1,0,H4,90412,8,185416,185416,775543,0
2015,388,2,0,H4,90412,8,34510,34510,78941,0
2015,388,1,0,H4,90421,8,26864,26864,170479,0
2015,388,2,0,H4,90421,8,96404,96404,789690,0
2015,388,1,0,H4,90422,8,81691,81691,272002,0
2015,388,2,0,H4,90422,8,65198,65198,569082,0
2015,388,1,0,H4,905,8,17340,17340,107267,0
2015,388,2,0,H4,905,8,21534,21534,64008,0
2015,388,1,0,H4,90510,8,1324,1324,9385,0
2015,388,2,0,H4,90510,8,21378,21378,62920,0
2015,388,1,0,H4,90520,8,16015,16015,97882,0
2015,388,2,0,H4,90520,8,156,156,1089,0
2015,388,1,0,H4,906,8,51887,51887,162759,0
2015,388,2,0,H4,906,8,147,147,1914,0
2015,388,1,0,H4,90611,8,690,690,3579,0
2015,388,2,0,H4,90611,8,109,109,1816,0
2015,388,1,0,H4,90619,8,1674,1674,7239,0
2015,388,2,0,H4,90619,8,6,6,44,0
2015,388,1,0,H4,90620,8,49524,49524,151941,0
2015,388,2,0,H4,90620,8,32,32,54,0
2015,388,1,0,H4,907,8,3155,3155,27922,0
2015,388,1,0,H4,90710,8,2061,2061,14342,0
2015,388,1,0,H4,90720,8,1093,1093,13579,0
2015,388,1,0,H4,908,8,28550,28550,370144,0
2015,388,2,0,H4,908,8,415,415,4740,0
2015,388,1,0,H4,90811,8,14,14,61,0
2015,388,2,0,H4,90811,8,245,245,1953,0
2015,388,1,0,H4,90812,8,27505,27505,366212,0
2015,388,2,0,H4,90812,8,130,130,2367,0
2015,388,2,0,H4,90821,8,40,40,420,0
2015,388,1,0,H4,90822,8,700,700,1991,0
2015,388,1,0,H4,90831,8,190,190,1351,0
2015,388,1,0,H4,90832,8,140,140,528,0
2015,388,1,0,H4,909,8,41752,41752,175822,0
2015,388,2,0,H4,909,8,2,2,31,0
2015,388,1,0,H4,90921,8,16225,16225,68023,0
2015,388,1,0,H4,90922,8,6730,6730,27660,0
2015,388,1,0,H4,90931,8,5365,5365,26507,0
2015,388,1,0,H4,90932,8,4158,4158,16714,0
2015,388,1,0,H4,90961,8,2277,2277,7756,0
2015,388,2,0,H4,90961,8,2,2,31,0
2015,388,1,0,H4,90962,8,6998,6998,29163,0
2015,388,1,0,H4,910,8,318143,318143,1247833,0
2015,388,2,0,H4,910,8,543380,543380,1560380,0
2015,388,3,0,H4,910,8,22336,22336,176466,0
2015,388,1,0,H4,91011,8,5867,5867,19023,0
2015,388,2,0,H4,91011,8,123546,123546,498064,0
2015,388,3,0,H4,91011,8,21335,21335,167671,0
2015,388,1,0,H4,91012,8,27098,27098,138744,0
2015,388,2,0,H4,91012,8,8939,8939,63359,0
2015,388,3,0,H4,91012,8,1001,1001,8795,0
2015,388,1,0,H4,91020,8,3184,3184,14884,0
2015,388,1,0,H4,91030,8,198829,198829,531965,0
2015,388,2,0,H4,91030,8,294376,294376,444444,0
2015,388,1,0,H4,91091,8,5405,5405,29718,0
2015,388,2,0,H4,91091,8,1649,1649,1128,0
2015,388,1,0,H4,91099,8,77760,77760,513498,0
2015,388,2,0,H4,91099,8,114870,114870,553385,0
2008,388,2,0,H3,90411,8,13358,13358,92952,0
2008,388,1,0,H3,90411,8,294742,294742,1333386,0
2008,388,2,0,H3,90412,8,16902,16902,58159,0
2008,388,1,0,H3,90412,8,524389,524389,781727,0
2008,388,2,0,H3,903,8,333,333,644,0
2008,388,2,0,H3,906,8,325,325,2943,0
2008,388,1,0,H3,906,8,18237,18237,97912,0
2008,388,2,0,H3,90611,8,134,134,93,0
2008,388,1,0,H3,90611,8,4673,4673,18691,0
2008,388,2,0,H3,90619,8,164,164,2297,0
2008,388,2,0,H3,90220,8,4017,4017,13080,0
2008,388,1,0,H3,90619,8,524,524,2074,0
2008,388,2,0,H3,90210,8,13176,13176,78694,0
2008,388,2,0,H3,90620,8,27,27,552,0
2008,388,1,0,H3,90620,8,13040,13040,77147,0
2008,388,1,0,H3,907,8,5177,5177,25586,0
2008,388,1,0,H3,90700,8,5177,5177,25586,0
2008,388,2,0,H3,908,8,73,73,985,0
2008,388,1,0,H3,908,8,35959,35959,286451,0
2008,388,1,0,H3,90820,8,335,335,1599,0
2008,388,1,0,H3,90830,8,265,265,1512,0
2008,388,1,0,H3,909,8,25672,25672,99911,0
2008,388,1,0,H3,90910,8,2145,2145,6533,0
2008,388,1,0,H3,90920,8,15043,15043,55760,0
2008,388,1,0,H3,901,8,265430,265430,1378248,0
2008,388,2,0,H3,901,8,11423062,11423062,27842452,6
2008,388,1,0,H3,90930,8,8165,8165,33486,0
2008,388,1,0,H3,90940,8,24,24,153,0
2008,388,3,0,H3,9,1,,,141347,0
2008,388,1,0,H3,90950,8,294,294,3979,0
2008,388,3,0,H3,910,8,29348,29348,141347,0
2008,388,2,0,H3,910,8,205995,205995,971821,0
2008,388,1,0,H3,910,8,317518,317518,1173147,0
2008,388,3,0,H3,91010,8,29348,29348,141347,0
2008,388,2,0,H3,91010,8,45601,45601,246376,0
2008,388,1,0,H3,91010,8,112188,112188,468374,0
2008,388,2,0,H3,91020,8,792,792,4350,0
2008,388,1,0,H3,91020,8,3931,3931,14458,0
2008,388,2,0,H3,91030,8,59505,59505,87475,0
2008,388,1,0,H3,91030,8,112212,112212,280557,0
2008,388,2,0,H3,91091,8,11241,11241,106182,0
2008,388,1,0,H3,91091,8,15869,15869,96425,0
2008,388,2,0,H3,91099,8,88857,88857,527437,0
2008,388,1,0,H3,91099,8,73319,73319,313334,0
2008,388,1,0,H3,904,8,906142,906142,2334680,0
2008,388,2,0,H3,904,8,562438,562438,2406279,0
2008,388,2,0,H3,90300,8,333,333,644,0
2008,388,1,0,H3,90240,8,92244,92244,493693,0
2008,388,2,0,H3,90420,8,532178,532178,2255167,0
2008,388,1,0,H3,90420,8,87011,87011,219567,0
2008,388,2,0,H3,905,8,10772,10772,22897,0
2008,388,1,0,H3,905,8,2045,2045,31893,0
2008,388,2,0,H3,90500,8,10772,10772,22897,0
2008,388,1,0,H3,90500,8,2045,2045,31893,0
2008,388,2,0,H3,90240,8,516,516,7704,0
2008,388,1,0,H3,90230,8,1952,1952,25202,0
2008,388,2,0,H3,90230,8,42592,42592,389684,0
2008,388,1,0,H3,90220,8,18296,18296,80641,0
2008,388,1,0,H3,90210,8,114410,114410,954349,0
2008,388,1,0,H3,902,8,226901,226901,1553885,0
2008,388,2,0,H3,902,8,60301,60301,489163,0
2008,388,1,0,H3,90190,8,206,206,958,0
2008,388,2,0,H3,90190,8,121,121,1667,0
2008,388,1,0,H3,90122,8,20755,20755,82497,0
2008,388,2,0,H3,90122,8,5602,5602,149005,0
2008,388,2,0,H3,90121,8,45887,45887,829227,0
2008,388,2,0,H3,90810,8,73,73,985,0
2008,388,1,0,H3,90810,8,35359,35359,283341,0
2008,388,1,0,H3,90112,8,64308,64308,190493,0
2008,388,2,0,H3,90112,8,2811,2811,85800,0
2008,388,1,0,H3,90111,8,180161,180161,1104300,0
2008,388,2,0,H3,90111,8,11368641,11368641,26776753,6
2008,388,1,0,H3,9,1,,,6981713,0
2008,388,2,0,H3,9,1,,,31737184,0
2009,388,2,0,H3,90411,8,104323,104323,579953,0
2009,388,1,0,H3,90411,8,250863,250863,951537,0
2009,388,2,0,H3,90412,8,10854,10854,40711,0
2009,388,3,0,H3,904,8,32,32,9416,0
2009,388,1,0,H3,90412,8,205168,205168,494389,0
2009,388,3,0,H3,90420,8,32,32,9416,0
2009,388,2,0,H3,90420,8,605377,605377,2005234,0
2009,388,1,0,H3,90420,8,76242,76242,189596,0
2009,388,2,0,H3,905,8,60262,60262,139613,0
2009,388,1,0,H3,905,8,1013,1013,10328,0
2009,388,2,0,H3,90500,8,60262,60262,139613,0
2009,388,1,0,H3,90500,8,1013,1013,10328,0
2009,388,2,0,H3,906,8,5900,5900,16857,0
2009,388,1,0,H3,906,8,32727,32727,103794,0
2009,388,2,0,H3,90619,8,319,319,806,0
2009,388,1,0,H3,90619,8,1152,1152,4515,0
2009,388,3,0,H3,90210,8,83,83,907,0
2009,388,2,0,H3,90620,8,52,52,788,0
2009,388,1,0,H3,90620,8,30437,30437,93739,0
2009,388,3,0,H3,902,8,83,83,907,0
2009,388,1,0,H3,907,8,4316,4316,17951,0
2009,388,2,0,H3,90190,8,391,391,14370,0
2009,388,1,0,H3,90700,8,4316,4316,17951,0
2009,388,2,0,H3,90122,8,10930,10930,118032,0
2009,388,2,0,H3,908,8,35,35,341,0
2009,388,1,0,H3,908,8,64430,64430,440158,0
2009,388,3,0,H3,90121,8,247,247,7941,0
2009,388,2,0,H3,90810,8,35,35,341,0
2009,388,1,0,H3,90810,8,62939,62939,432966,0
2009,388,1,0,H3,90820,8,146,146,1403,0
2009,388,2,0,H3,90111,8,1344351,1344351,33814758,0
2009,388,3,0,H3,90111,8,16,16,110,0
2009,388,1,0,H3,90830,8,1345,1345,5789,0
2009,388,1,0,H3,909,8,42369,42369,115145,0
2009,388,2,0,H3,9,1,,,39977614,0
2009,388,3,0,H3,9,1,,,362588,0
2009,388,2,0,H3,901,8,1401619,1401619,35050316,0
2009,388,3,0,H3,901,8,263,263,8051,0
2009,388,1,0,H3,90910,8,3428,3428,12616,0
2009,388,1,0,H3,90920,8,28337,28337,64582,0
2009,388,1,0,H3,90930,8,10141,10141,35478,0
2009,388,1,0,H3,90940,8,35,35,280,0
2009,388,1,0,H3,90950,8,428,428,2189,0
2009,388,3,0,H3,910,8,69717,69717,344214,0
2009,388,2,0,H3,910,8,265422,265422,1206368,0
2009,388,1,0,H3,910,8,309999,309999,1124730,0
2009,388,3,0,H3,91010,8,69717,69717,344214,0
2009,388,2,0,H3,91010,8,81881,81881,416387,0
2009,388,1,0,H3,91010,8,66186,66186,252945,0
2009,388,1,0,H3,91020,8,9193,9193,28389,0
2009,388,2,0,H3,91030,8,55518,55518,62740,0
2009,388,1,0,H3,91030,8,125250,125250,390817,0
2009,388,2,0,H3,91091,8,1875,1875,5573,0
2009,388,1,0,H3,91091,8,17606,17606,123339,0
2009,388,2,0,H3,91099,8,126147,126147,721667,0
2009,388,1,0,H3,91099,8,91765,91765,329240,0
2009,388,1,0,H3,904,8,532273,532273,1635523,0
2009,388,2,0,H3,904,8,720554,720554,2625898,0
2009,388,1,0,H3,90300,8,238,238,677,0
2009,388,2,0,H3,90300,8,641,641,5809,0
2009,388,1,0,H3,903,8,238,238,677,0
2009,388,2,0,H3,903,8,641,641,5809,0
2009,388,1,0,H3,90240,8,77438,77438,394874,0
2009,388,2,0,H3,90240,8,12348,12348,71513,0
2009,388,1,0,H3,90230,8,53246,53246,137481,0
2009,388,2,0,H3,90230,8,60115,60115,698792,0
2009,388,1,0,H3,90220,8,23836,23836,141934,0
2009,388,2,0,H3,90220,8,4323,4323,50800,0
2009,388,1,0,H3,90210,8,642712,642712,1024971,0
2009,388,2,0,H3,90611,8,5529,5529,15263,0
2009,388,1,0,H3,90611,8,1138,1138,5539,0
2009,388,2,0,H3,90210,8,25474,25474,111307,0
2009,388,1,0,H3,902,8,797232,797232,1699259,0
2009,388,2,0,H3,902,8,102260,102260,932412,0
2009,388,1,0,H3,90190,8,33,33,140,0
2009,388,1,0,H3,90122,8,14778,14778,117147,0
2009,388,1,0,H3,90121,8,0,0,1,0
2009,388,2,0,H3,90121,8,41768,41768,976855,0
2009,388,1,0,H3,90112,8,17637,17637,66629,0
2009,388,2,0,H3,90112,8,4179,4179,126301,0
2009,388,1,0,H3,90111,8,197755,197755,771839,0
2009,388,1,0,H3,901,8,230202,230202,955755,0
2009,388,1,0,H3,9,1,,,6103319,0
2010,388,2,0,H3,90810,8,480,480,1412,0
2010,388,1,0,H3,90810,8,26544,26544,218348,0
2010,388,1,0,H3,90820,8,465,465,737,0
2010,388,2,0,H3,90412,8,17674,17674,100972,0
2010,388,3,0,H3,90412,8,20,20,84,0
2010,388,1,0,H3,90830,8,105,105,517,0
2010,388,2,0,H3,90411,8,113694,113694,446117,0
2010,388,2,0,H3,909,8,433,433,871,0
2010,388,2,0,H3,904,8,1061739,1061739,3829892,0
2010,388,3,0,H3,904,8,20,20,84,0
2010,388,1,0,H3,909,8,35063,35063,122963,0
2010,388,2,0,H3,90910,8,24,24,89,0
2010,388,3,0,H3,90240,8,4900,4900,51314,0
2010,388,1,0,H3,90910,8,3475,3475,9739,0
2010,388,2,0,H3,90230,8,115270,115270,1107259,0
2010,388,3,0,H3,90230,8,13400,13400,17216,0
2010,388,1,0,H3,90920,8,18817,18817,64723,0
2010,388,2,0,H3,90220,8,6510,6510,51956,0
2010,388,3,0,H3,90220,8,35,35,1060,0
2010,388,1,0,H3,90930,8,11901,11901,44108,0
2010,388,2,0,H3,90210,8,51604,51604,378821,0
2010,388,3,0,H3,90210,8,1782,1782,160370,0
2010,388,1,0,H3,90940,8,501,501,2207,0
2010,388,2,0,H3,902,8,180065,180065,1607192,0
2010,388,3,0,H3,902,8,20117,20117,229961,0
2010,388,2,0,H3,90950,8,409,409,782,0
2010,388,2,0,H3,90190,8,37,37,3984,0
2010,388,1,0,H3,90950,8,370,370,2186,0
2010,388,2,0,H3,90122,8,10384,10384,140770,0
2010,388,3,0,H3,90122,8,100,100,469,0
2010,388,3,0,H3,910,8,72048,72048,365275,0
2010,388,2,0,H3,90121,8,97399,97399,2103491,0
2010,388,3,0,H3,90121,8,2,2,184,0
2010,388,2,0,H3,910,8,346934,346934,1568340,0
2010,388,1,0,H3,910,8,236024,236024,1013249,0
2010,388,3,0,H3,9,1,,,597319,0
2010,388,3,0,H3,91010,8,71903,71903,364008,0
2010,388,2,0,H3,901,8,927531,927531,21873206,0
2010,388,3,0,H3,901,8,430,430,2000,0
2010,388,2,0,H3,91010,8,101846,101846,566521,0
2010,388,1,0,H3,91010,8,79361,79361,358180,0
2010,388,3,0,H3,90111,8,78,78,299,0
2010,388,1,0,H3,91020,8,506,506,16870,0
2010,388,2,0,H3,90112,8,19224,19224,433222,0
2010,388,3,0,H3,90112,8,250,250,1048,0
2010,388,2,0,H3,91030,8,75397,75397,100078,0
2010,388,1,0,H3,91030,8,58207,58207,266375,0
2010,388,2,0,H3,91091,8,2039,2039,10596,0
2010,388,1,0,H3,91091,8,38050,38050,148281,0
2010,388,3,0,H3,91099,8,145,145,1267,0
2010,388,2,0,H3,91099,8,167652,167652,891144,0
2010,388,1,0,H3,91099,8,59900,59900,223544,0
2010,388,1,0,H3,90420,8,68454,68454,188037,0
2010,388,2,0,H3,905,8,80293,80293,166991,0
2010,388,1,0,H3,905,8,650,650,16301,0
2010,388,2,0,H3,90500,8,80293,80293,166991,0
2010,388,1,0,H3,90500,8,650,650,16301,0
2010,388,2,0,H3,906,8,719,719,20788,0
2010,388,1,0,H3,906,8,37982,37982,123800,0
2010,388,2,0,H3,90611,8,584,584,20361,0
2010,388,1,0,H3,90611,8,4672,4672,5783,0
2010,388,2,0,H3,90619,8,103,103,254,0
2010,388,1,0,H3,90619,8,663,663,3408,0
2010,388,2,0,H3,90620,8,32,32,173,0
2010,388,1,0,H3,90620,8,32647,32647,114610,0
2010,388,2,0,H3,907,8,3,3,148,0
2010,388,1,0,H3,907,8,2613,2613,12141,0
2010,388,2,0,H3,90700,8,3,3,148,0
2010,388,1,0,H3,90700,8,2613,2613,12141,0
2010,388,2,0,H3,908,8,480,480,1412,0
2010,388,1,0,H3,908,8,27114,27114,219602,0
2010,388,2,0,H3,90420,8,930371,930371,3282803,0
2010,388,1,0,H3,90412,8,72206,72206,285475,0
2010,388,1,0,H3,90411,8,256472,256472,1209160,0
2010,388,1,0,H3,904,8,397132,397132,1682672,0
2010,388,1,0,H3,90240,8,89997,89997,533615,0
2010,388,2,0,H3,90240,8,6680,6680,69156,0
2010,388,1,0,H3,90230,8,37534,37534,197142,0
2010,388,1,0,H3,90220,8,14684,14684,77032,0
2010,388,1,0,H3,90210,8,111107,111107,939440,0
2010,388,1,0,H3,902,8,253322,253322,1747229,0
2010,388,1,0,H3,90190,8,33,33,170,0
2010,388,1,0,H3,90122,8,67,67,197,0
2010,388,1,0,H3,90121,8,61,61,164,0
2010,388,1,0,H3,9,1,,,6274194,0
2010,388,2,0,H3,9,1,,,29068839,0
2010,388,1,0,H3,901,8,326222,326222,1336236,0
2010,388,1,0,H3,90111,8,280546,280546,1049027,0
2010,388,2,0,H3,90111,8,800487,800487,19191738,0
2010,388,1,0,H3,90112,8,45515,45515,286678,0
2011,388,1,0,H3,90910,8,1594,1594,10410,0
2011,388,1,0,H3,90820,8,27,27,241,0
2011,388,1,0,H3,90500,8,3241,3241,10744,0
2011,388,2,0,H3,90500,8,66889,66889,196032,0
2011,388,1,0,H3,905,8,3241,3241,10744,0
2011,388,2,0,H3,905,8,66889,66889,196032,0
2011,388,2,0,H3,906,8,4108,4108,13531,0
2011,388,2,0,H3,90230,8,133833,133833,1469866,0
2011,388,3,0,H3,90230,8,29384,29384,171753,0
2011,388,1,0,H3,906,8,25706,25706,97383,0
2011,388,2,0,H3,90220,8,43605,43605,172104,0
2011,388,3,0,H3,90220,8,23502,23502,100405,0
2011,388,2,0,H3,90611,8,68,68,527,0
2011,388,2,0,H3,90210,8,72033,72033,287066,0
2011,388,3,0,H3,90210,8,20842,20842,51141,0
2011,388,1,0,H3,90611,8,1167,1167,8041,0
2011,388,2,0,H3,902,8,259161,259161,1984842,0
2011,388,3,0,H3,902,8,74942,74942,325023,0
2011,388,2,0,H3,90619,8,4013,4013,12744,0
2011,388,2,0,H3,90190,8,288,288,5217,0
2011,388,1,0,H3,90619,8,277,277,1290,0
2011,388,2,0,H3,90122,8,8403,8403,162025,0
2011,388,3,0,H3,90122,8,1,1,216,0
2011,388,2,0,H3,90620,8,27,27,261,0
2011,388,2,0,H3,90121,8,85705,85705,1394964,0
2011,388,3,0,H3,90121,8,11,11,260,0
2011,388,1,0,H3,90620,8,24261,24261,88052,0
2011,388,2,0,H3,90112,8,764,764,27472,0
2011,388,1,0,H3,907,8,2483,2483,27056,0
2011,388,2,0,H3,90111,8,841640,841640,18311482,0
2011,388,3,0,H3,90111,8,62,62,521,0
2011,388,1,0,H3,90700,8,2483,2483,27056,0
2011,388,2,0,H3,901,8,936800,936800,19901161,0
2011,388,2,0,H3,908,8,265,265,2892,0
2011,388,2,0,H3,9,1,,,26629745,0
2011,388,3,0,H3,9,1,,,879400,0
2011,388,3,0,H3,901,8,74,74,997,0
2011,388,1,0,H3,908,8,23021,23021,426554,0
2011,388,2,0,H3,90810,8,265,265,2892,0
2011,388,1,0,H3,90810,8,22880,22880,424985,0
2011,388,1,0,H3,90830,8,114,114,1328,0
2011,388,1,0,H3,909,8,24267,24267,97069,0
2011,388,1,0,H3,90920,8,13799,13799,45905,0
2011,388,1,0,H3,90930,8,8238,8238,36810,0
2011,388,1,0,H3,90940,8,478,478,2645,0
2011,388,1,0,H3,90950,8,158,158,1298,0
2011,388,3,0,H3,910,8,101431,101431,553381,0
2011,388,2,0,H3,910,8,411551,411551,1877689,0
2011,388,1,0,H3,910,8,318392,318392,1428897,0
2011,388,3,0,H3,91010,8,101302,101302,510050,0
2011,388,2,0,H3,91010,8,124856,124856,651207,0
2011,388,1,0,H3,91010,8,115040,115040,548762,0
2011,388,1,0,H3,91020,8,4444,4444,21009,0
2011,388,2,0,H3,91030,8,82730,82730,145522,0
2011,388,1,0,H3,91030,8,91425,91425,378856,0
2011,388,2,0,H3,91091,8,4717,4717,27669,0
2011,388,1,0,H3,91091,8,15338,15338,93579,0
2011,388,3,0,H3,91099,8,129,129,43331,0
2011,388,2,0,H3,91099,8,199249,199249,1053291,0
2011,388,1,0,H3,91099,8,92145,92145,386691,0
2011,388,1,0,H3,90230,8,11343,11343,87557,0
2011,388,3,0,H3,90240,8,1214,1214,1725,0
2011,388,2,0,H3,90240,8,9690,9690,55806,0
2011,388,1,0,H3,90240,8,134344,134344,1018594,0
2011,388,2,0,H3,904,8,548606,548606,2653599,0
2011,388,1,0,H3,904,8,388953,388953,2230230,0
2011,388,2,0,H3,90411,8,129574,129574,531974,0
2011,388,1,0,H3,90411,8,224334,224334,1490779,0
2011,388,2,0,H3,90412,8,17860,17860,80310,0
2011,388,1,0,H3,90412,8,78226,78226,471635,0
2011,388,2,0,H3,90420,8,401172,401172,2041315,0
2011,388,1,0,H3,90420,8,86394,86394,267817,0
2011,388,1,0,H3,90220,8,41343,41343,199530,0
2011,388,1,0,H3,90210,8,156770,156770,835970,0
2011,388,1,0,H3,902,8,343800,343800,2141651,0
2011,388,1,0,H3,90190,8,188,188,277,0
2011,388,1,0,H3,90122,8,84,84,412,0
2011,388,1,0,H3,90121,8,3,3,34,0
2011,388,1,0,H3,90112,8,48230,48230,431592,0
2011,388,1,0,H3,90111,8,347344,347344,2415902,0
2011,388,1,0,H3,901,8,395850,395850,2848217,0
2011,388,1,0,H3,9,1,,,9307801,0
2012,388,3,0,H3,90411,8,55,55,233,0
2012,388,2,0,H3,90411,8,69125,69125,233367,0
2012,388,2,0,H3,904,8,546940,546940,2738101,0
2012,388,3,0,H3,904,8,55,55,233,0
2012,388,1,0,H3,90411,8,290068,290068,2360468,0
2012,388,2,0,H3,90412,8,16511,16511,58830,0
2012,388,1,0,H3,90412,8,81324,81324,516242,0
2012,388,2,0,H3,90240,8,27057,27057,93526,0
2012,388,3,0,H3,90240,8,8260,8260,25996,0
2012,388,2,0,H3,90420,8,461303,461303,2445904,0
2012,388,2,0,H3,90230,8,130285,130285,1287836,0
2012,388,3,0,H3,90230,8,24714,24714,89753,0
2012,388,1,0,H3,90420,8,92043,92043,290998,0
2012,388,2,0,H3,905,8,69598,69598,221701,0
2012,388,3,0,H3,90220,8,31723,31723,82815,0
2012,388,1,0,H3,905,8,5630,5630,27607,0
2012,388,2,0,H3,90210,8,51130,51130,241230,0
2012,388,3,0,H3,90210,8,11589,11589,63134,0
2012,388,2,0,H3,90500,8,69598,69598,221701,0
2012,388,2,0,H3,902,8,263226,263226,1765648,0
2012,388,3,0,H3,902,8,76286,76286,261697,0
2012,388,1,0,H3,90500,8,5630,5630,27607,0
2012,388,2,0,H3,90190,8,13,13,794,0
2012,388,2,0,H3,906,8,76,76,285,0
2012,388,2,0,H3,90122,8,6465,6465,155372,0
2012,388,3,0,H3,90122,8,57,57,186,0
2012,388,1,0,H3,906,8,37955,37955,162962,0
2012,388,2,0,H3,90619,8,14,14,63,0
2012,388,1,0,H3,90619,8,453,453,2566,0
2012,388,2,0,H3,90112,8,10294,10294,228062,0
2012,388,1,0,H3,90620,8,35717,35717,152274,0
2012,388,2,0,H3,90111,8,591674,591674,13692710,0
2012,388,3,0,H3,90111,8,17,17,729,0
2012,388,1,0,H3,90700,8,2847,2847,21782,0
2012,388,2,0,H3,9,1,,,23631431,0
2012,388,3,0,H3,9,1,,,757107,0
2012,388,2,0,H3,908,8,5412,5412,92532,0
2012,388,2,0,H3,901,8,808275,808275,17013519,0
2012,388,3,0,H3,901,8,125,125,3077,0
2012,388,1,0,H3,908,8,31614,31614,604358,0
2012,388,1,0,H3,90820,8,212,212,626,0
2012,388,1,0,H3,90830,8,141,141,619,0
2012,388,1,0,H3,909,8,35677,35677,146438,0
2012,388,1,0,H3,90910,8,7762,7762,26211,0
2012,388,1,0,H3,90920,8,20377,20377,82500,0
2012,388,1,0,H3,90930,8,6850,6850,32590,0
2012,388,1,0,H3,90940,8,248,248,1509,0
2012,388,1,0,H3,90950,8,439,439,3628,0
2012,388,3,0,H3,910,8,75200,75200,492101,0
2012,388,2,0,H3,910,8,410423,410423,1799644,0
2012,388,1,0,H3,910,8,342323,342323,854297,0
2012,388,3,0,H3,91010,8,75148,75148,491703,0
2012,388,2,0,H3,91010,8,93342,93342,600604,0
2012,388,1,0,H3,91010,8,79272,79272,231789,0
2012,388,1,0,H3,91020,8,2616,2616,11941,0
2012,388,2,0,H3,91030,8,117270,117270,224496,0
2012,388,1,0,H3,91030,8,89854,89854,191427,0
2012,388,2,0,H3,91091,8,420,420,749,0
2012,388,1,0,H3,91091,8,1453,1453,5247,0
2012,388,3,0,H3,91099,8,52,52,398,0
2012,388,2,0,H3,91099,8,199390,199390,973795,0
2012,388,1,0,H3,91099,8,169128,169128,413894,0
2012,388,1,0,H3,904,8,463435,463435,3167708,0
2012,388,1,0,H3,90300,8,131,131,193,0
2012,388,1,0,H3,903,8,131,131,193,0
2012,388,1,0,H3,90240,8,59307,59307,306294,0
2012,388,1,0,H3,90230,8,10181,10181,119874,0
2012,388,1,0,H3,90220,8,18056,18056,128469,0
2012,388,2,0,H3,90220,8,54754,54754,143057,0
2012,388,1,0,H3,90210,8,136550,136550,1166141,0
2012,388,1,0,H3,902,8,224093,224093,1720779,0
2012,388,1,0,H3,90190,8,39,39,208,0
2012,388,1,0,H3,90122,8,18,18,182,0
2012,388,2,0,H3,90121,8,199828,199828,2936581,0
2012,388,3,0,H3,90121,8,51,51,2162,0
2012,388,2,0,H3,90611,8,62,62,222,0
2012,388,1,0,H3,90611,8,1786,1786,8121,0
2012,388,1,0,H3,90112,8,38561,38561,228025,0
2012,388,1,0,H3,90111,8,376694,376694,1779837,0
2012,388,1,0,H3,9,1,,,8714375,0
2012,388,1,0,H3,907,8,2847,2847,21782,0
2012,388,1,0,H3,901,8,415312,415312,2008252,0
2012,388,2,0,H3,90810,8,5412,5412,92532,0
2012,388,1,0,H3,90810,8,31260,31260,603113,0
2013,388,2,0,H3,90810,8,43,43,181,0
2013,388,1,0,H3,90810,8,31865,31865,607243,0
2013,388,2,0,H3,90412,8,22771,22771,95386,0
2013,388,1,0,H3,90820,8,1090,1090,6021,0
2013,388,2,0,H3,90411,8,35624,35624,182550,0
2013,388,1,0,H3,90830,8,37,37,383,0
2013,388,2,0,H3,904,8,482547,482547,2633281,0
2013,388,2,0,H3,909,8,10,10,146,0
2013,388,1,0,H3,909,8,35857,35857,133393,0
2013,388,3,0,H3,90240,8,8137,8137,14711,0
2013,388,1,0,H3,90910,8,5913,5913,25640,0
2013,388,2,0,H3,90230,8,163006,163006,1472662,0
2013,388,3,0,H3,90230,8,2927,2927,22909,0
2013,388,2,0,H3,90420,8,424152,424152,2355345,0
2013,388,2,0,H3,90220,8,59161,59161,213048,0
2013,388,3,0,H3,90220,8,23003,23003,158253,0
2013,388,1,0,H3,90420,8,79294,79294,232066,0
2013,388,2,0,H3,90210,8,100634,100634,516427,0
2013,388,3,0,H3,90210,8,36129,36129,213309,0
2013,388,3,0,H3,905,8,25,25,820,0
2013,388,2,0,H3,902,8,360128,360128,2340368,0
2013,388,3,0,H3,902,8,70196,70196,409182,0
2013,388,2,0,H3,905,8,21231,21231,83186,0
2013,388,1,0,H3,905,8,12649,12649,51239,0
2013,388,3,0,H3,90122,8,25,25,2105,0
2013,388,3,0,H3,90500,8,25,25,820,0
2013,388,2,0,H3,90121,8,119945,119945,2138759,0
2013,388,2,0,H3,90500,8,21231,21231,83186,0
2013,388,2,0,H3,90112,8,14381,14381,413932,0
2013,388,1,0,H3,90500,8,12649,12649,51239,0
2013,388,2,0,H3,90111,8,691720,691720,16312076,0
2013,388,3,0,H3,90111,8,19218,19218,44593,0
2013,388,2,0,H3,908,8,43,43,181,0
2013,388,1,0,H3,908,8,32993,32993,613648,0
2013,388,1,0,H3,90412,8,93792,93792,516972,0
2013,388,3,0,H3,9,1,,,816870,0
2013,388,2,0,H3,901,8,832123,832123,19047237,0
2013,388,3,0,H3,901,8,19243,19243,46698,0
2013,388,1,0,H3,90411,8,195155,195155,1666542,0
2013,388,1,0,H3,904,8,368241,368241,2415581,0
2013,388,1,0,H3,90240,8,67352,67352,351164,0
2013,388,2,0,H3,90240,8,37327,37327,138230,0
2013,388,1,0,H3,90230,8,8787,8787,36365,0
2013,388,1,0,H3,90920,8,18650,18650,63820,0
2013,388,1,0,H3,90930,8,8265,8265,32620,0
2013,388,2,0,H3,90940,8,10,10,146,0
2013,388,1,0,H3,90940,8,938,938,4116,0
2013,388,1,0,H3,90950,8,2091,2091,7197,0
2013,388,3,0,H3,910,8,51039,51039,360155,0
2013,388,2,0,H3,910,8,468747,468747,1659353,0
2013,388,1,0,H3,910,8,324633,324633,1147097,0
2013,388,3,0,H3,91010,8,51039,51039,360155,0
2013,388,2,0,H3,91010,8,73412,73412,467581,0
2013,388,1,0,H3,91010,8,110987,110987,360033,0
2013,388,1,0,H3,91020,8,3624,3624,16761,0
2013,388,2,0,H3,91030,8,167504,167504,281184,0
2013,388,1,0,H3,91030,8,124633,124633,285432,0
2013,388,2,0,H3,91091,8,29,29,230,0
2013,388,1,0,H3,91091,8,2076,2076,7729,0
2013,388,2,0,H3,91099,8,227803,227803,910358,0
2013,388,1,0,H3,91099,8,83313,83313,477141,0
2013,388,1,0,H3,90210,8,140987,140987,1261552,0
2013,388,1,0,H3,902,8,264427,264427,2068347,0
2013,388,1,0,H3,90190,8,158,158,177,0
2013,388,2,0,H3,90122,8,6077,6077,182470,0
2013,388,1,0,H3,90121,8,36,36,164,0
2013,388,1,0,H3,90112,8,47663,47663,199336,0
2013,388,1,0,H3,90111,8,290722,290722,1503746,0
2013,388,1,0,H3,901,8,338580,338580,1703423,0
2013,388,3,0,H3,906,8,5,5,15,0
2013,388,2,0,H3,906,8,21,21,2783,0
2013,388,1,0,H3,906,8,34364,34364,150327,0
2013,388,2,0,H3,90611,8,15,15,2768,0
2013,388,1,0,H3,90611,8,1008,1008,5368,0
2013,388,1,0,H3,90619,8,1137,1137,5164,0
2013,388,3,0,H3,90620,8,5,5,15,0
2013,388,2,0,H3,90620,8,5,5,15,0
2013,388,1,0,H3,90620,8,32219,32219,139794,0
2013,388,1,0,H3,907,8,45958,45958,41152,0
2013,388,1,0,H3,90700,8,45958,45958,41152,0
2013,388,1,0,H3,9,1,,,8324207,0
2013,388,2,0,H3,9,1,,,25766535,0
2013,388,1,0,H3,90220,8,47302,47302,419267,0
2004,388,1,0,H2,9,1,,,3313041,0
2004,388,2,0,H2,9,1,,,43399607,0
2004,388,3,0,H2,9,1,,,84,0
2005,388,1,0,H2,9,1,,,4906497,0
2005,388,2,0,H2,9,1,,,20347815,0
2005,388,3,0,H2,9,1,,,7775,0
2006,388,1,0,H2,9,1,,,5008679,0
2006,388,2,0,H2,9,1,,,34576761,0
2006,388,3,0,H2,9,1,,,109472,0
2007,388,1,0,H2,9,1,,,5435666,0
2007,388,2,0,H2,9,1,,,35161062,0
2007,388,3,0,H2,9,1,,,187746,0
2004,388,1,0,H2,901,8,45392,45392,116136,0
2004,388,2,0,H2,901,8,26535129,26535129,39326740,6
2005,388,1,0,H2,901,8,272379,272379,786952,0
2005,388,2,0,H2,901,8,10818064,10818064,16541115,6
2005,388,3,0,H2,901,8,5,5,30,6
2006,388,1,0,H2,901,8,339051,339051,976448,0
2006,388,2,0,H2,901,8,20344966,20344966,31862438,6
2006,388,3,0,H2,901,8,2946,2946,4312,6
2007,388,1,0,H2,901,8,253029,253029,888017,0
2007,388,2,0,H2,901,8,13244333,13244333,31470149,6
2007,388,3,0,H2,901,8,2,2,50,0
2004,388,1,0,H2,90111,8,18580,18580,28170,0
2004,388,2,0,H2,90111,8,26514747,26514747,38809636,6
2005,388,1,0,H2,90111,8,67888,67888,174423,0
2005,388,2,0,H2,90111,8,10790225,10790225,15793652,6
2006,388,1,0,H2,90111,8,16396,16396,69502,0
2006,388,2,0,H2,90111,8,20260604,20260604,29655447,6
2006,388,3,0,H2,90111,8,2946,2946,4312,6
2007,388,1,0,H2,90111,8,130858,130858,413107,0
2007,388,2,0,H2,90111,8,13107786,13107786,27797310,6
2004,388,1,0,H2,90112,8,22283,22283,60043,0
2004,388,2,0,H2,90112,8,3289,3289,45631,0
2005,388,1,0,H2,90112,8,186284,186284,546448,0
2005,388,2,0,H2,90112,8,19,19,625,0
2006,388,1,0,H2,90112,8,308988,308988,855645,0
2006,388,2,0,H2,90112,8,48,48,693,0
2007,388,1,0,H2,90112,8,102313,102313,392251,0
2007,388,2,0,H2,90112,8,72,72,1807,0
2004,388,1,0,H2,90121,8,21,21,338,0
2004,388,2,0,H2,90121,8,8931,8931,287651,0
2005,388,1,0,H2,90121,8,30,30,17,0
2005,388,2,0,H2,90121,8,27669,27669,742297,6
2005,388,3,0,H2,90121,8,5,5,30,6
2006,388,1,0,H2,90121,8,85,85,193,0
2006,388,2,0,H2,90121,8,74711,74711,2181728,0
2007,388,2,0,H2,90121,8,135652,135652,3653756,6
2007,388,3,0,H2,90121,8,2,2,50,0
2004,388,1,0,H2,90122,8,4459,4459,27290,0
2004,388,2,0,H2,90122,8,8071,8071,179410,0
2005,388,1,0,H2,90122,8,17601,17601,63661,0
2005,388,2,0,H2,90122,8,151,151,4541,0
2006,388,1,0,H2,90122,8,13537,13537,50893,0
2006,388,2,0,H2,90122,8,3,3,184,0
2007,388,1,0,H2,90122,8,19846,19846,82580,0
2007,388,2,0,H2,90122,8,823,823,17277,0
2004,388,1,0,H2,90190,8,49,49,294,0
2004,388,2,0,H2,90190,8,91,91,4412,0
2005,388,1,0,H2,90190,8,576,576,2402,0
2006,388,1,0,H2,90190,8,45,45,215,0
2006,388,2,0,H2,90190,8,9600,9600,24387,0
2007,388,1,0,H2,90190,8,12,12,78,0
2004,388,1,0,H2,902,8,177020,177020,1085853,0
2004,388,2,0,H2,902,8,22852,22852,200257,0
2004,388,3,0,H2,902,8,2,2,84,0
2005,388,1,0,H2,902,8,233183,233183,1171775,6
2005,388,2,0,H2,902,8,20079,20079,168241,0
2006,388,1,0,H2,902,8,230201,230201,1329114,0
2006,388,2,0,H2,902,8,23782,23782,179037,0
2007,388,1,0,H2,902,8,238160,238160,1703047,0
2007,388,2,0,H2,902,8,53279,53279,330532,0
2007,388,3,0,H2,902,8,176,176,880,0
2004,388,1,0,H2,90210,8,94246,94246,722503,0
2004,388,2,0,H2,90210,8,7708,7708,66325,0
2005,388,1,0,H2,90210,8,117429,117429,742661,6
2005,388,2,0,H2,90210,8,9725,9725,91317,0
2006,388,1,0,H2,90210,8,108766,108766,711941,0
2006,388,2,0,H2,90210,8,20162,20162,146591,0
2007,388,1,0,H2,90210,8,123414,123414,1091979,0
2007,388,2,0,H2,90210,8,18950,18950,46096,0
2004,388,1,0,H2,90220,8,12770,12770,71868,0
2004,388,2,0,H2,90220,8,10952,10952,101943,0
2005,388,1,0,H2,90220,8,17761,17761,74274,0
2005,388,2,0,H2,90220,8,7149,7149,49895,0
2006,388,1,0,H2,90220,8,25498,25498,103202,0
2006,388,2,0,H2,90220,8,241,241,5950,0
2007,388,1,0,H2,90220,8,14251,14251,68697,0
2007,388,2,0,H2,90220,8,545,545,10695,0
2004,388,1,0,H2,90230,8,2193,2193,13637,0
2004,388,2,0,H2,90230,8,3878,3878,30494,0
2005,388,1,0,H2,90230,8,18878,18878,9772,0
2005,388,2,0,H2,90230,8,2833,2833,22750,0
2006,388,1,0,H2,90230,8,18494,18494,19276,0
2006,388,2,0,H2,90230,8,2574,2574,22299,0
2007,388,1,0,H2,90230,8,1471,1471,4894,0
2007,388,2,0,H2,90230,8,31608,31608,261723,0
2004,388,1,0,H2,90240,8,67811,67811,277845,0
2004,388,2,0,H2,90240,8,314,314,1496,0
2004,388,3,0,H2,90240,8,2,2,84,0
2005,388,1,0,H2,90240,8,79115,79115,345068,0
2005,388,2,0,H2,90240,8,372,372,4279,0
2006,388,1,0,H2,90240,8,77444,77444,494695,0
2006,388,2,0,H2,90240,8,805,805,4197,0
2007,388,1,0,H2,90240,8,99024,99024,537477,0
2007,388,2,0,H2,90240,8,2176,2176,12018,0
2007,388,3,0,H2,90240,8,176,176,880,0
2004,388,1,0,H2,903,8,4,4,5,6
2006,388,2,0,H2,903,8,2389,2389,24205,0
2007,388,2,0,H2,903,8,65256,65256,78398,6
2004,388,1,0,H2,90300,8,4,4,5,6
2006,388,2,0,H2,90300,8,2389,2389,24205,0
2007,388,2,0,H2,90300,8,65256,65256,78398,6
2004,388,1,0,H2,904,8,633831,633831,1170920,0
2004,388,2,0,H2,904,8,399590,399590,2821430,0
2005,388,1,0,H2,904,8,1121092,1121092,1838078,0
2005,388,2,0,H2,904,8,431637,431637,2866143,0
2006,388,1,0,H2,904,8,680225,680225,1581730,0
2006,388,2,0,H2,904,8,307401,307401,1575887,0
2007,388,1,0,H2,904,8,575427,575427,1642137,0
2007,388,2,0,H2,904,8,496686,496686,2284616,6
2007,388,3,0,H2,904,8,23,23,251,0
2004,388,1,0,H2,90411,8,329000,329000,594988,0
2004,388,2,0,H2,90411,8,3677,3677,11904,0
2005,388,1,0,H2,90411,8,270129,270129,588037,0
2005,388,2,0,H2,90411,8,5229,5229,20284,0
2006,388,1,0,H2,90411,8,319527,319527,771860,0
2006,388,2,0,H2,90411,8,1501,1501,4718,0
2007,388,1,0,H2,90411,8,245369,245369,937591,0
2007,388,2,0,H2,90411,8,13279,13279,41460,0
2004,388,1,0,H2,90412,8,209617,209617,350929,0
2004,388,2,0,H2,90412,8,28324,28324,116052,0
2005,388,1,0,H2,90412,8,765505,765505,1015125,0
2005,388,2,0,H2,90412,8,9460,9460,56883,0
2006,388,1,0,H2,90412,8,280533,280533,583751,0
2006,388,2,0,H2,90412,8,10566,10566,50976,0
2007,388,1,0,H2,90412,8,250694,250694,465516,0
2007,388,2,0,H2,90412,8,8935,8935,48221,6
2004,388,1,0,H2,90420,8,95214,95214,225003,0
2004,388,2,0,H2,90420,8,367589,367589,2693474,0
2005,388,1,0,H2,90420,8,85458,85458,234916,0
2005,388,2,0,H2,90420,8,416948,416948,2788976,0
2006,388,1,0,H2,90420,8,80166,80166,226119,0
2006,388,2,0,H2,90420,8,295334,295334,1520192,0
2007,388,1,0,H2,90420,8,79364,79364,239030,0
2007,388,2,0,H2,90420,8,474472,474472,2194936,0
2007,388,3,0,H2,90420,8,23,23,251,0
2004,388,1,0,H2,905,8,21224,21224,97782,0
2004,388,2,0,H2,905,8,9038,9038,15627,0
2005,388,1,0,H2,905,8,4492,4492,49852,0
2005,388,2,0,H2,905,8,2378,2378,14444,0
2006,388,1,0,H2,905,8,3484,3484,53582,0
2006,388,2,0,H2,905,8,407,407,358,0
2007,388,1,0,H2,905,8,1622,1622,24129,0
2007,388,2,0,H2,905,8,4379,4379,3809,0
2004,388,1,0,H2,90500,8,21224,21224,97782,0
2004,388,2,0,H2,90500,8,9038,9038,15627,0
2005,388,1,0,H2,90500,8,4492,4492,49852,0
2005,388,2,0,H2,90500,8,2378,2378,14444,0
2006,388,1,0,H2,90500,8,3484,3484,53582,0
2006,388,2,0,H2,90500,8,407,407,358,0
2007,388,1,0,H2,90500,8,1622,1622,24129,0
2007,388,2,0,H2,90500,8,4379,4379,3809,0
2004,388,1,0,H2,906,8,33817,33817,67898,0
2004,388,2,0,H2,906,8,43,43,503,0
2005,388,1,0,H2,906,8,20252,20252,64524,0
2005,388,2,0,H2,906,8,27,27,435,0
2006,388,1,0,H2,906,8,23220,23220,63003,0
2006,388,2,0,H2,906,8,183,183,1904,0
2007,388,1,0,H2,906,8,14863,14863,64996,0
2007,388,2,0,H2,906,8,39,39,174,6
2004,388,1,0,H2,90610,8,13141,13141,24545,0
2004,388,2,0,H2,90610,8,11,11,30,0
2005,388,1,0,H2,90610,8,1066,1066,2178,0
2006,388,1,0,H2,90610,8,2491,2491,4766,0
2006,388,2,0,H2,90610,8,24,24,269,0
2007,388,1,0,H2,90610,8,2409,2409,8234,0
2007,388,2,0,H2,90610,8,13,13,12,6
2004,388,1,0,H2,90620,8,20676,20676,43353,0
2004,388,2,0,H2,90620,8,32,32,473,0
2005,388,1,0,H2,90620,8,19186,19186,62346,0
2005,388,2,0,H2,90620,8,27,27,435,0
2006,388,1,0,H2,90620,8,20729,20729,58237,0
2006,388,2,0,H2,90620,8,159,159,1635,0
2007,388,1,0,H2,90620,8,12454,12454,56762,0
2007,388,2,0,H2,90620,8,26,26,162,6
2004,388,1,0,H2,907,8,5073,5073,19174,0
2004,388,2,0,H2,907,8,6,6,56,0
2005,388,1,0,H2,907,8,6828,6828,22274,0
2005,388,2,0,H2,907,8,10,10,98,0
2006,388,1,0,H2,907,8,4898,4898,22308,0
2007,388,1,0,H2,907,8,3087,3087,13595,0
2004,388,1,0,H2,90700,8,5073,5073,19174,0
2004,388,2,0,H2,90700,8,6,6,56,0
2005,388,1,0,H2,90700,8,6828,6828,22274,0
2005,388,2,0,H2,90700,8,10,10,98,0
2006,388,1,0,H2,90700,8,4898,4898,22308,0
2007,388,1,0,H2,90700,8,3087,3087,13595,0
2004,388,1,0,H2,908,8,33089,33089,168792,0
2004,388,2,0,H2,908,8,565,565,1546,0
2005,388,1,0,H2,908,8,75117,75117,454920,0
2005,388,2,0,H2,908,8,55,55,245,6
2006,388,1,0,H2,908,8,43071,43071,300582,0
2006,388,2,0,H2,908,8,57,57,6834,0
2007,388,1,0,H2,908,8,33899,33899,270335,0
2007,388,2,0,H2,908,8,40,40,287,0
2004,388,1,0,H2,90810,8,32844,32844,166937,0
2004,388,2,0,H2,90810,8,565,565,1546,0
2005,388,1,0,H2,90810,8,74775,74775,453283,0
2005,388,2,0,H2,90810,8,55,55,245,6
2006,388,1,0,H2,90810,8,42885,42885,299491,0
2006,388,2,0,H2,90810,8,57,57,6834,0
2007,388,1,0,H2,90810,8,33467,33467,267883,0
2007,388,2,0,H2,90810,8,40,40,287,0
2004,388,1,0,H2,90820,8,208,208,1621,0
2005,388,1,0,H2,90820,8,160,160,473,0
2006,388,1,0,H2,90820,8,43,43,252,0
2007,388,1,0,H2,90820,8,184,184,803,0
2004,388,1,0,H2,90830,8,37,37,234,0
2005,388,1,0,H2,90830,8,182,182,1164,0
2006,388,1,0,H2,90830,8,144,144,838,0
2007,388,1,0,H2,90830,8,249,249,1649,0
2004,388,1,0,H2,909,8,55413,55413,78007,0
2005,388,1,0,H2,909,8,21615,21615,65252,0
2005,388,2,0,H2,909,8,18,18,102,0
2006,388,1,0,H2,909,8,28201,28201,74885,0
2007,388,1,0,H2,909,8,27238,27238,78232,0
2004,388,1,0,H2,90910,8,3470,3470,11441,0
2005,388,1,0,H2,90910,8,2883,2883,11199,0
2006,388,1,0,H2,90910,8,1088,1088,3287,0
2007,388,1,0,H2,90910,8,3144,3144,11277,0
2004,388,1,0,H2,90920,8,36591,36591,38236,0
2005,388,1,0,H2,90920,8,11187,11187,29895,0
2006,388,1,0,H2,90920,8,16096,16096,39104,0
2007,388,1,0,H2,90920,8,14981,14981,40664,0
2004,388,1,0,H2,90930,8,11512,11512,19226,0
2005,388,1,0,H2,90930,8,6911,6911,17452,0
2005,388,2,0,H2,90930,8,18,18,102,0
2006,388,1,0,H2,90930,8,10549,10549,27796,0
2007,388,1,0,H2,90930,8,8657,8657,23047,0
2004,388,1,0,H2,90940,8,85,85,443,0
2005,388,1,0,H2,90940,8,297,297,996,0
2006,388,1,0,H2,90940,8,5,5,56,0
2007,388,1,0,H2,90940,8,2,2,412,0
2004,388,1,0,H2,90950,8,3755,3755,8661,0
2005,388,1,0,H2,90950,8,336,336,5710,0
2006,388,1,0,H2,90950,8,462,462,4643,0
2007,388,1,0,H2,90950,8,455,455,2831,0
2004,388,1,0,H2,910,8,253986,253986,508474,0
2004,388,2,0,H2,910,8,233542,233542,1033448,0
2005,388,1,0,H2,910,8,148702,148702,452871,0
2005,388,2,0,H2,910,8,188303,188303,756992,0
2005,388,3,0,H2,910,8,2380,2380,7745,0
2006,388,1,0,H2,910,8,255396,255396,607027,0
2006,388,2,0,H2,910,8,219538,219538,926098,0
2006,388,3,0,H2,910,8,31006,31006,105160,0
2007,388,1,0,H2,910,8,250392,250392,751178,0
2007,388,2,0,H2,910,8,232323,232323,993096,0
2007,388,3,0,H2,910,8,41541,41541,186565,0
2004,388,1,0,H2,91010,8,108456,108456,173712,0
2004,388,2,0,H2,91010,8,17109,17109,110596,0
2005,388,1,0,H2,91010,8,32789,32789,116628,0
2005,388,2,0,H2,91010,8,30554,30554,136671,0
2005,388,3,0,H2,91010,8,2376,2376,7673,0
2006,388,1,0,H2,91010,8,94789,94789,182223,0
2006,388,2,0,H2,91010,8,58408,58408,251359,0
2006,388,3,0,H2,91010,8,30679,30679,99655,0
2007,388,1,0,H2,91010,8,103097,103097,255588,0
2007,388,2,0,H2,91010,8,74511,74511,329304,0
2007,388,3,0,H2,91010,8,41541,41541,186565,0
2004,388,1,0,H2,91020,8,6180,6180,13331,0
2005,388,1,0,H2,91020,8,2490,2490,6835,0
2006,388,1,0,H2,91020,8,1308,1308,5614,0
2006,388,2,0,H2,91020,8,2,2,25,0
2007,388,1,0,H2,91020,8,2363,2363,11007,0
2004,388,1,0,H2,91030,8,65605,65605,99807,0
2004,388,2,0,H2,91030,8,55338,55338,72082,0
2005,388,1,0,H2,91030,8,45059,45059,81192,0
2005,388,2,0,H2,91030,8,51403,51403,56406,0
2006,388,1,0,H2,91030,8,49471,49471,98228,0
2006,388,2,0,H2,91030,8,53994,53994,61768,0
2007,388,1,0,H2,91030,8,53451,53451,121361,0
2007,388,2,0,H2,91030,8,59555,59555,67701,0
2004,388,1,0,H2,91040,8,9071,9071,21787,0
2004,388,2,0,H2,91040,8,89525,89525,579968,0
2005,388,1,0,H2,91040,8,8454,8454,23473,0
2005,388,2,0,H2,91040,8,40836,40836,270709,0
2006,388,1,0,H2,91040,8,10603,10603,30608,0
2006,388,2,0,H2,91040,8,37891,37891,196105,0
2007,388,1,0,H2,91040,8,1952,1952,5860,0
2007,388,2,0,H2,91040,8,21954,21954,122423,0
2004,388,1,0,H2,91050,8,4220,4220,20912,0
2004,388,2,0,H2,91050,8,70932,70932,266236,0
2005,388,1,0,H2,91050,8,8967,8967,35392,0
2005,388,2,0,H2,91050,8,51574,51574,228027,0
2005,388,3,0,H2,91050,8,4,4,71,0
2006,388,1,0,H2,91050,8,16760,16760,61974,0
2006,388,2,0,H2,91050,8,61549,61549,333518,0
2006,388,3,0,H2,91050,8,1,1,173,0
2007,388,1,0,H2,91050,8,1266,1266,4156,0
2007,388,2,0,H2,91050,8,31595,31595,185017,0
2004,388,1,0,H2,91091,8,5791,5791,30079,0
2005,388,1,0,H2,91091,8,9874,9874,36059,0
2005,388,2,0,H2,91091,8,35,35,137,0
2006,388,1,0,H2,91091,8,4076,4076,16757,0
2006,388,2,0,H2,91091,8,1032,1032,4263,0
2007,388,1,0,H2,91091,8,21698,21698,99463,0
2007,388,2,0,H2,91091,8,1588,1588,5869,0
2004,388,1,0,H2,91099,8,54663,54663,148846,0
2004,388,2,0,H2,91099,8,638,638,4566,0
2005,388,1,0,H2,91099,8,41069,41069,153293,0
2005,388,2,0,H2,91099,8,13901,13901,65042,0
2006,388,1,0,H2,91099,8,78389,78389,211623,0
2006,388,2,0,H2,91099,8,6662,6662,79059,0
2006,388,3,0,H2,91099,8,326,326,5333,0
2007,388,1,0,H2,91099,8,66566,66566,253742,0
2007,388,2,0,H2,91099,8,43120,43120,282782,0
1998,388,1,0,H1,90121,8,339,339,2930,0
1998,388,2,0,H1,90121,8,34589,34589,596658,0
1998,388,1,0,H1,90190,8,21927,21927,206911,0
1998,388,1,0,H1,902,8,130542,130542,933124,0
1998,388,1,0,H1,90240,8,130542,130542,933124,0
1998,388,1,0,H1,903,8,739,739,2212,0
1998,388,1,0,H1,90300,8,739,739,2212,0
1998,388,1,0,H1,904,8,522493,522493,2298104,0
1998,388,2,0,H1,904,8,1787152,1787152,4228729,0
1998,388,1,0,H1,90411,8,325166,325166,1625344,0
1998,388,2,0,H1,90411,8,3194,3194,5345,0
1998,388,1,0,H1,90412,8,117594,117594,499354,0
1998,388,2,0,H1,90412,8,32962,32962,119286,0
1998,388,1,0,H1,90420,8,79733,79733,173406,0
1998,388,2,0,H1,90420,8,1750996,1750996,4104098,0
1998,388,1,0,H1,905,8,9131,9131,108908,0
1998,388,1,0,H1,90500,8,9131,9131,108908,0
1998,388,1,0,H1,906,8,12421,12421,39170,0
1998,388,2,0,H1,906,8,25,25,246,0
1998,388,1,0,H1,90610,8,2637,2637,7169,0
1998,388,2,0,H1,90610,8,23,23,201,0
1998,388,1,0,H1,90620,8,9784,9784,32001,0
1998,388,2,0,H1,90620,8,2,2,45,0
1998,388,1,0,H1,907,8,2078,2078,5302,0
1998,388,2,0,H1,907,8,8,8,153,0
1998,388,1,0,H1,90700,8,2078,2078,5302,0
1998,388,2,0,H1,90700,8,8,8,153,0
1998,388,1,0,H1,908,8,29912,29912,144193,0
1998,388,2,0,H1,908,8,84,84,887,0
1998,388,1,0,H1,90810,8,29812,29812,142692,0
1998,388,2,0,H1,90810,8,84,84,887,0
1998,388,1,0,H1,90820,8,66,66,1251,0
1998,388,1,0,H1,90830,8,34,34,250,0
1998,388,1,0,H1,909,8,25092,25092,52898,0
1998,388,1,0,H1,90910,8,713,713,1913,0
1998,388,1,0,H1,90920,8,14481,14481,23775,0
1998,388,1,0,H1,90930,8,5358,5358,14402,0
1998,388,1,0,H1,90940,8,1000,1000,1428,0
1998,388,1,0,H1,90950,8,3540,3540,11380,0
1998,388,1,0,H1,90111,8,141999,141999,559665,0
1998,388,2,0,H1,90111,8,960939,960939,16687902,0
1998,388,1,0,H1,901,8,164265,164265,769506,0
1998,388,2,0,H1,901,8,995528,995528,17284560,0
1998,388,1,0,H1,9,1,,,5498173,0
1998,388,2,0,H1,9,1,,,22731300,0
1998,388,1,0,H1,910,8,418252,418252,1144756,0
1998,388,2,0,H1,910,8,220915,220915,1216724,0
1998,388,1,0,H1,91010,8,29747,29747,96477,0
1998,388,2,0,H1,91010,8,25063,25063,179171,0
1998,388,1,0,H1,91020,8,738,738,5827,0
1998,388,1,0,H1,91030,8,25694,25694,54176,0
1998,388,2,0,H1,91030,8,17623,17623,5693,0
1998,388,1,0,H1,91040,8,4901,4901,13818,0
1998,388,2,0,H1,91040,8,157223,157223,934906,0
1998,388,1,0,H1,91050,8,658,658,1921,0
1998,388,2,0,H1,91050,8,18174,18174,78704,0
1998,388,1,0,H1,91091,8,8988,8988,35190,0
1998,388,2,0,H1,91091,8,404,404,4188,0
1998,388,1,0,H1,91099,8,347526,347526,937347,0
1998,388,2,0,H1,91099,8,2428,2428,14062,0
1999,388,1,0,H1,90112,8,25229,25229,134287,0
1999,388,2,0,H1,90112,8,15,15,615,0
1999,388,1,0,H1,90121,8,1040,1040,15887,0
1999,388,2,0,H1,90121,8,18747,18747,571504,0
1999,388,1,0,H1,90122,8,1008,1008,16381,0
1999,388,1,0,H1,90190,8,2812,2812,4681,0
1999,388,1,0,H1,902,8,166757,166757,1250889,0
1999,388,2,0,H1,902,8,22212,22212,221013,0
1999,388,1,0,H1,90210,8,22173,22173,213646,0
1999,388,2,0,H1,90210,8,5253,5253,50617,0
1999,388,1,0,H1,90220,8,96652,96652,623175,0
1999,388,1,0,H1,90230,8,33971,33971,330950,0
1999,388,2,0,H1,90230,8,16959,16959,170396,0
1999,388,1,0,H1,90240,8,13961,13961,83118,0
1999,388,1,0,H1,903,8,60,60,211,0
1999,388,1,0,H1,90300,8,60,60,211,0
1999,388,1,0,H1,904,8,592568,592568,2430204,0
1999,388,2,0,H1,904,8,1570691,1570691,5070129,0
1999,388,1,0,H1,90411,8,396435,396435,1844684,0
1999,388,2,0,H1,90411,8,518,518,1963,0
1999,388,1,0,H1,90412,8,131242,131242,424142,0
1999,388,2,0,H1,90412,8,28871,28871,109074,0
1999,388,1,0,H1,90420,8,64891,64891,161378,0
1999,388,2,0,H1,90420,8,1541302,1541302,4959092,0
1999,388,1,0,H1,905,8,6824,6824,85397,0
1999,388,1,0,H1,90500,8,6824,6824,85397,0
1999,388,1,0,H1,906,8,14101,14101,42924,0
1999,388,2,0,H1,906,8,1097,1097,5141,0
1999,388,1,0,H1,90610,8,1147,1147,4869,0
1999,388,2,0,H1,90610,8,1011,1011,4953,0
1999,388,1,0,H1,90620,8,12954,12954,38055,0
1999,388,2,0,H1,90620,8,86,86,188,0
1999,388,1,0,H1,907,8,2515,2515,9634,0
1999,388,2,0,H1,907,8,14,14,153,0
1999,388,1,0,H1,90700,8,2515,2515,9634,0
1999,388,2,0,H1,90700,8,14,14,153,0
1999,388,1,0,H1,908,8,21275,21275,136148,0
1999,388,2,0,H1,908,8,489,489,2998,0
1999,388,1,0,H1,90810,8,21250,21250,135598,0
1999,388,2,0,H1,90810,8,489,489,2998,0
1999,388,1,0,H1,90820,8,22,22,426,0
1999,388,1,0,H1,90830,8,3,3,124,0
1999,388,1,0,H1,909,8,23596,23596,43943,0
1999,388,1,0,H1,90910,8,371,371,1645,0
1999,388,1,0,H1,90920,8,14803,14803,21374,0
1999,388,1,0,H1,90930,8,3812,3812,8689,0
1999,388,1,0,H1,90940,8,722,722,1160,0
1999,388,1,0,H1,90950,8,3888,3888,11075,0
1999,388,1,0,H1,90111,8,12844,12844,193440,0
1999,388,2,0,H1,90111,8,1433676,1433676,23895076,0
1999,388,1,0,H1,901,8,42933,42933,364676,0
1999,388,2,0,H1,901,8,1452438,1452438,24467196,0
1999,388,1,0,H1,9,1,,,4780797,0
1999,388,2,0,H1,9,1,,,31106244,0
1999,388,1,0,H1,910,8,132080,132080,416771,0
1999,388,2,0,H1,910,8,228271,228271,1339614,0
1999,388,1,0,H1,91010,8,38374,38374,119071,0
1999,388,2,0,H1,91010,8,8510,8510,60408,0
1999,388,1,0,H1,91020,8,917,917,6380,0
1999,388,1,0,H1,91030,8,15550,15550,27577,0
1999,388,2,0,H1,91030,8,16036,16036,10422,0
1999,388,1,0,H1,91040,8,5889,5889,19181,0
1999,388,2,0,H1,91040,8,172793,172793,1130391,0
1999,388,1,0,H1,91050,8,1001,1001,4153,0
1999,388,2,0,H1,91050,8,22571,22571,101554,0
1999,388,1,0,H1,91091,8,9571,9571,35563,0
1999,388,2,0,H1,91091,8,2232,2232,11955,0
1999,388,1,0,H1,91099,8,60778,60778,204846,0
1999,388,2,0,H1,91099,8,6129,6129,24884,0
2000,388,2,0,H1,906,8,19,19,58,0
2000,388,1,0,H1,906,8,14224,14224,38051,0
2000,388,1,0,H1,90500,8,10125,10125,72938,0
2000,388,1,0,H1,905,8,10125,10125,72938,0
2000,388,2,0,H1,90420,8,1379592,1379592,4979761,0
2000,388,1,0,H1,90420,8,71050,71050,178009,0
2000,388,2,0,H1,90412,8,24323,24323,74175,0
2000,388,1,0,H1,90412,8,186989,186989,480412,0
2000,388,1,0,H1,90411,8,316744,316744,1294687,0
2000,388,2,0,H1,904,8,1403915,1403915,5053936,0
2000,388,1,0,H1,904,8,574783,574783,1953108,0
2000,388,1,0,H1,90300,8,164,164,490,0
2000,388,1,0,H1,903,8,164,164,490,0
2000,388,1,0,H1,90240,8,58183,58183,255352,0
2000,388,2,0,H1,90230,8,26144,26144,295361,0
2000,388,1,0,H1,90230,8,24824,24824,186539,0
2000,388,1,0,H1,90220,8,39375,39375,398214,0
2000,388,2,0,H1,90210,8,5814,5814,62160,0
2000,388,1,0,H1,90210,8,60473,60473,586239,0
2000,388,2,0,H1,902,8,31958,31958,357521,0
2000,388,1,0,H1,902,8,182855,182855,1426344,0
2000,388,2,0,H1,90190,8,957,957,4427,0
2000,388,1,0,H1,90190,8,371,371,956,0
2000,388,1,0,H1,90122,8,1166,1166,17028,0
2000,388,2,0,H1,90121,8,23203,23203,590937,0
2000,388,1,0,H1,90121,8,392,392,8404,0
2000,388,2,0,H1,90112,8,2312,2312,5471,0
2000,388,1,0,H1,90112,8,25957,25957,107465,0
2000,388,2,0,H1,90111,8,1689164,1689164,32308928,0
2000,388,1,0,H1,90111,8,18189,18189,220637,0
2000,388,2,0,H1,901,8,1715636,1715636,32909764,0
2000,388,1,0,H1,901,8,46075,46075,354490,0
2000,388,2,0,H1,9,1,,,39792096,0
2000,388,1,0,H1,9,1,,,4546739,0
2000,388,2,0,H1,91099,8,13350,13350,70116,0
2000,388,1,0,H1,91099,8,62386,62386,223761,0
2000,388,2,0,H1,91091,8,11,11,142,0
2000,388,1,0,H1,91091,8,26944,26944,71961,0
2000,388,2,0,H1,91050,8,44074,44074,198074,0
2000,388,1,0,H1,91050,8,1186,1186,5083,0
2000,388,2,0,H1,91040,8,166749,166749,1125802,0
2000,388,1,0,H1,91040,8,7418,7418,20898,0
2000,388,2,0,H1,91030,8,24902,24902,27696,0
2000,388,1,0,H1,91030,8,9968,9968,16703,0
2000,388,1,0,H1,91020,8,1445,1445,7928,0
2000,388,2,0,H1,91010,8,6545,6545,47523,0
2000,388,1,0,H1,91010,8,51719,51719,121711,0
2000,388,2,0,H1,910,8,255631,255631,1469353,0
2000,388,1,0,H1,910,8,161066,161066,468045,0
2000,388,1,0,H1,90950,8,4650,4650,12662,0
2000,388,1,0,H1,90940,8,2625,2625,4820,0
2000,388,1,0,H1,90930,8,3660,3660,10694,0
2000,388,1,0,H1,90920,8,18658,18658,25479,0
2000,388,1,0,H1,90910,8,1851,1851,11371,0
2000,388,1,0,H1,909,8,31444,31444,65026,0
2000,388,1,0,H1,90830,8,75,75,1235,0
2000,388,1,0,H1,90820,8,132,132,2293,0
2000,388,2,0,H1,90810,8,151,151,1388,0
2000,388,1,0,H1,90810,8,23374,23374,152465,0
2000,388,2,0,H1,908,8,151,151,1388,0
2000,388,1,0,H1,908,8,23581,23581,155993,0
2000,388,2,0,H1,90700,8,4,4,76,0
2000,388,1,0,H1,90700,8,2982,2982,12254,0
2000,388,2,0,H1,907,8,4,4,76,0
2000,388,1,0,H1,907,8,2982,2982,12254,0
2000,388,1,0,H1,90620,8,14030,14030,36810,0
2000,388,2,0,H1,90610,8,19,19,58,0
2000,388,1,0,H1,90610,8,194,194,1241,0
2001,388,2,0,H1,905,8,410,410,31999,0
2001,388,1,0,H1,905,8,3530,3530,84688,0
2001,388,2,0,H1,90420,8,679211,679211,3513249,0
2001,388,1,0,H1,90420,8,99215,99215,219465,0
2001,388,1,0,H1,90411,8,364512,364512,879585,0
2001,388,2,0,H1,904,8,712457,712457,3640720,0
2001,388,1,0,H1,904,8,585152,585152,1348410,0
2001,388,1,0,H1,90240,8,68980,68980,258531,0
2001,388,2,0,H1,90230,8,27947,27947,421013,0
2001,388,1,0,H1,90230,8,12547,12547,107453,0
2001,388,1,0,H1,90220,8,6897,6897,29219,0
2001,388,2,0,H1,90210,8,9925,9925,100097,0
2001,388,1,0,H1,90210,8,76872,76872,728934,0
2001,388,2,0,H1,902,8,37872,37872,521110,0
2001,388,1,0,H1,902,8,165296,165296,1124137,0
2001,388,2,0,H1,90122,8,253,253,6123,0
2001,388,1,0,H1,90122,8,229,229,2119,0
2001,388,2,0,H1,90112,8,18,18,799,0
2001,388,1,0,H1,90112,8,32486,32486,80391,0
2001,388,2,0,H1,90111,8,1638570,1638570,29894969,0
2001,388,1,0,H1,90111,8,3153,3153,36190,0
2001,388,2,0,H1,901,8,1657204,1657204,30467901,0
2001,388,1,0,H1,901,8,36910,36910,128804,0
2001,388,2,0,H1,9,1,,,36269252,0
2001,388,1,0,H1,9,1,,,3769410,0
2001,388,1,0,H1,90930,8,7214,7214,24076,0
2001,388,2,0,H1,90810,8,109,109,973,0
2001,388,1,0,H1,90810,8,39269,39269,246044,0
2001,388,2,0,H1,90700,8,12,12,191,0
2001,388,1,0,H1,90700,8,5268,5268,28052,0
2001,388,2,0,H1,907,8,12,12,191,0
2001,388,1,0,H1,907,8,5268,5268,28052,0
2001,388,1,0,H1,90620,8,19450,19450,44053,0
2001,388,2,0,H1,90610,8,7,7,60,0
2001,388,1,0,H1,90610,8,1824,1824,4563,0
2001,388,2,0,H1,906,8,7,7,60,0
2001,388,1,0,H1,906,8,21274,21274,48616,0
2001,388,2,0,H1,90500,8,410,410,31999,0
2001,388,1,0,H1,90500,8,3530,3530,84688,0
2001,388,2,0,H1,90412,8,33246,33246,127471,0
2001,388,1,0,H1,90412,8,121425,121425,249360,0
2001,388,2,0,H1,90121,8,18363,18363,566010,0
2001,388,1,0,H1,90121,8,1042,1042,10104,0
2001,388,2,0,H1,91099,8,42025,42025,7993,0
2001,388,1,0,H1,91099,8,107917,107917,254391,0
2001,388,2,0,H1,91091,8,2032,2032,8090,0
2001,388,1,0,H1,91091,8,48376,48376,126054,0
2001,388,2,0,H1,91050,8,37938,37938,180366,0
2001,388,1,0,H1,91050,8,2832,2832,12998,0
2001,388,2,0,H1,91040,8,196883,196883,1358917,0
2001,388,1,0,H1,91040,8,2885,2885,8007,0
2001,388,2,0,H1,91030,8,31914,31914,37957,0
2001,388,1,0,H1,91030,8,20683,20683,24499,0
2001,388,2,0,H1,91010,8,2446,2446,12975,0
2001,388,1,0,H1,91010,8,112850,112850,265083,0
2001,388,2,0,H1,910,8,313238,313238,1606298,0
2001,388,1,0,H1,910,8,296248,296248,694883,0
2001,388,1,0,H1,90950,8,1384,1384,6034,0
2001,388,1,0,H1,90940,8,515,515,1175,0
2001,388,1,0,H1,90920,8,26854,26854,27869,0
2001,388,1,0,H1,90910,8,1573,1573,4989,0
2001,388,1,0,H1,909,8,37540,37540,64143,0
2001,388,1,0,H1,90830,8,75,75,1023,0
2001,388,1,0,H1,90820,8,85,85,610,0
2001,388,2,0,H1,908,8,109,109,973,0
2001,388,1,0,H1,908,8,39429,39429,247677,0
2001,388,1,0,H1,91020,8,705,705,3851,0
2002,388,2,0,H1,90121,8,15612,15612,461405,0
2002,388,1,0,H1,90121,8,165,165,943,0
2002,388,2,0,H1,90112,8,115,115,4206,0
2002,388,1,0,H1,90112,8,127215,127215,236806,0
2002,388,2,0,H1,90111,8,1553681,1553681,32024453,0
2002,388,1,0,H1,90111,8,1041,1041,6089,0
2002,388,2,0,H1,901,8,1571653,1571653,32536285,0
2002,388,1,0,H1,901,8,129014,129014,246010,0
2002,388,2,0,H1,91099,8,5058,5058,21040,0
2002,388,1,0,H1,91099,8,56024,56024,171436,0
2002,388,2,0,H1,91091,8,10,10,116,0
2002,388,1,0,H1,91091,8,12300,12300,49933,0
2002,388,2,0,H1,91050,8,34336,34336,159932,0
2002,388,1,0,H1,91050,8,4053,4053,15785,0
2002,388,2,0,H1,91040,8,133618,133618,916603,0
2002,388,1,0,H1,91040,8,6472,6472,16529,0
2002,388,2,0,H1,91030,8,39499,39499,59571,0
2002,388,1,0,H1,91030,8,31563,31563,47112,0
2002,388,1,0,H1,91020,8,747,747,3789,6
2002,388,2,0,H1,91010,8,9526,9526,70738,0
2002,388,1,0,H1,91010,8,88200,88200,195475,6
2002,388,2,0,H1,910,8,222047,222047,1228000,0
2002,388,1,0,H1,910,8,199358,199358,500059,6
2002,388,1,0,H1,90950,8,2693,2693,11137,0
2002,388,1,0,H1,90940,8,757,757,1776,0
2002,388,1,0,H1,90930,8,4607,4607,12834,0
2002,388,1,0,H1,90920,8,10391,10391,14021,0
2002,388,1,0,H1,90910,8,2458,2458,8048,0
2002,388,1,0,H1,909,8,20906,20906,47816,0
2002,388,1,0,H1,90830,8,27,27,294,0
2002,388,1,0,H1,90820,8,2198,2198,2096,0
2002,388,2,0,H1,90810,8,85,85,566,0
2002,388,1,0,H1,90810,8,18387,18387,105674,0
2002,388,2,0,H1,908,8,85,85,566,0
2002,388,1,0,H1,908,8,20612,20612,108064,0
2002,388,1,0,H1,90700,8,2221,2221,13839,0
2002,388,1,0,H1,907,8,2221,2221,13839,0
2002,388,2,0,H1,90620,8,5,5,72,0
2002,388,1,0,H1,90620,8,16520,16520,36118,0
2002,388,2,0,H1,90610,8,24,24,101,0
2002,388,1,0,H1,90610,8,1756,1756,4009,0
2002,388,2,0,H1,906,8,29,29,173,0
2002,388,1,0,H1,906,8,18276,18276,40127,0
2002,388,2,0,H1,90500,8,589,589,77322,6
2002,388,1,0,H1,90500,8,22413,22413,52251,6
2002,388,2,0,H1,905,8,589,589,77322,6
2002,388,1,0,H1,905,8,22413,22413,52251,6
2002,388,2,0,H1,90420,8,597018,597018,3429617,0
2002,388,1,0,H1,90420,8,90998,90998,217763,0
2002,388,2,0,H1,90412,8,17039,17039,74798,0
2002,388,1,0,H1,90412,8,86595,86595,196187,0
2002,388,2,0,H1,90411,8,14339,14339,34705,0
2002,388,1,0,H1,90411,8,306534,306534,582240,0
2002,388,2,0,H1,904,8,628396,628396,3539120,0
2002,388,1,0,H1,904,8,484127,484127,996190,0
2002,388,2,0,H1,90300,8,33,33,394,0
2002,388,2,0,H1,903,8,33,33,394,0
2002,388,2,0,H1,90240,8,204,204,3270,0
2002,388,1,0,H1,90240,8,61896,61896,174805,0
2002,388,2,0,H1,90230,8,41040,41040,412877,0
2002,388,1,0,H1,90230,8,17903,17903,144719,0
2002,388,2,0,H1,90220,8,12794,12794,127605,0
2002,388,1,0,H1,90220,8,12850,12850,55031,0
2002,388,3,0,H1,90210,8,550,550,1155,0
2002,388,2,0,H1,90210,8,13732,13732,112948,0
2002,388,1,0,H1,90210,8,80494,80494,637038,0
2002,388,3,0,H1,902,8,550,550,1155,0
2002,388,2,0,H1,902,8,67770,67770,656700,0
2002,388,1,0,H1,902,8,173143,173143,1011593,0
2002,388,2,0,H1,90190,8,14,14,288,0
2002,388,1,0,H1,90190,8,7,7,28,0
2002,388,2,0,H1,90122,8,2231,2231,45933,0
2002,388,1,0,H1,90122,8,586,586,2144,0
2002,388,3,0,H1,9,1,,,1155,0
2002,388,2,0,H1,9,1,,,38038560,0
2002,388,1,0,H1,9,1,,,3015949,0
2003,388,2,0,H1,91099,8,1690,1690,8132,0
2003,388,1,0,H1,91099,8,58334,58334,188146,0
2003,388,2,0,H1,91091,8,33,33,99,0
2003,388,1,0,H1,91091,8,8073,8073,35038,0
2003,388,3,0,H1,91050,8,17,17,90,0
2003,388,2,0,H1,91050,8,41610,41610,203790,0
2003,388,1,0,H1,91050,8,5023,5023,17110,0
2003,388,2,0,H1,91040,8,123274,123274,886173,0
2003,388,1,0,H1,91040,8,6662,6662,18068,0
2003,388,2,0,H1,91030,8,57169,57169,70143,0
2003,388,1,0,H1,91030,8,34229,34229,48352,0
2003,388,1,0,H1,91020,8,516,516,5046,0
2003,388,2,0,H1,91010,8,6764,6764,60119,0
2003,388,1,0,H1,91010,8,102177,102177,217476,0
2003,388,3,0,H1,910,8,17,17,90,0
2003,388,2,0,H1,910,8,230540,230540,1228456,0
2003,388,1,0,H1,910,8,215014,215014,529237,0
2003,388,1,0,H1,90950,8,2386,2386,14809,0
2003,388,1,0,H1,90940,8,2510,2510,5554,0
2003,388,1,0,H1,90930,8,6762,6762,14526,0
2003,388,2,0,H1,90920,8,11,11,42,0
2003,388,1,0,H1,90920,8,19957,19957,27284,0
2003,388,1,0,H1,90910,8,2547,2547,7742,0
2003,388,2,0,H1,909,8,11,11,42,0
2003,388,1,0,H1,909,8,34162,34162,69915,0
2003,388,1,0,H1,90820,8,1967,1967,4170,0
2003,388,2,0,H1,90810,8,1031,1031,4879,0
2003,388,1,0,H1,90810,8,17278,17278,114654,0
2003,388,2,0,H1,908,8,1031,1031,4879,0
2003,388,1,0,H1,908,8,19245,19245,118824,0
2003,388,2,0,H1,90700,8,16,16,185,0
2003,388,1,0,H1,90700,8,3007,3007,11620,0
2003,388,2,0,H1,907,8,16,16,185,0
2003,388,1,0,H1,907,8,3007,3007,11620,0
2003,388,2,0,H1,90620,8,163,163,270,0
2003,388,1,0,H1,90620,8,16525,16525,35162,0
2003,388,2,0,H1,90610,8,68,68,421,0
2003,388,1,0,H1,90610,8,558,558,1795,0
2003,388,2,0,H1,906,8,231,231,691,0
2003,388,1,0,H1,906,8,17083,17083,36957,0
2003,388,3,0,H1,90500,8,60,60,1014,0
2003,388,2,0,H1,90500,8,6857,6857,15245,0
2003,388,1,0,H1,90500,8,2488,2488,66541,0
2003,388,3,0,H1,905,8,60,60,1014,0
2003,388,2,0,H1,905,8,6857,6857,15245,0
2003,388,1,0,H1,905,8,2488,2488,66541,0
2003,388,2,0,H1,90420,8,403660,403660,3221814,0
2003,388,1,0,H1,90420,8,106733,106733,257286,0
2003,388,2,0,H1,90412,8,23699,23699,78493,0
2003,388,1,0,H1,90412,8,249597,249597,402584,0
2003,388,2,0,H1,90411,8,4218,4218,9408,0
2003,388,1,0,H1,90411,8,376929,376929,843551,0
2003,388,2,0,H1,904,8,431577,431577,3309715,0
2003,388,1,0,H1,904,8,733259,733259,1503421,0
2003,388,2,0,H1,90240,8,941,941,12356,0
2003,388,1,0,H1,90240,8,48563,48563,202292,0
2003,388,3,0,H1,90230,8,355,355,2681,0
2003,388,2,0,H1,90230,8,18178,18178,207208,0
2003,388,1,0,H1,90230,8,4245,4245,45415,0
2003,388,3,0,H1,90220,8,875,875,1421,0
2003,388,2,0,H1,90220,8,1606,1606,7680,0
2003,388,1,0,H1,90220,8,10502,10502,50556,0
2003,388,3,0,H1,90210,8,369,369,1973,0
2003,388,2,0,H1,90210,8,16374,16374,179376,0
2003,388,1,0,H1,90210,8,108896,108896,796435,0
2003,388,3,0,H1,902,8,1599,1599,6075,0
2003,388,2,0,H1,902,8,37099,37099,406620,0
2003,388,1,0,H1,902,8,172206,172206,1094699,0
2003,388,1,0,H1,90190,8,232,232,1040,0
2003,388,1,0,H1,90122,8,897,897,4512,0
2003,388,3,0,H1,90121,8,8,8,99,0
2003,388,2,0,H1,90121,8,14175,14175,421505,0
2003,388,1,0,H1,90121,8,80,80,665,0
2003,388,2,0,H1,90112,8,159,159,6879,0
2003,388,1,0,H1,90112,8,143319,143319,269976,0
2003,388,2,0,H1,90111,8,1425796,1425796,28135446,0
2003,388,1,0,H1,90111,8,43909,43909,184535,0
2003,388,3,0,H1,901,8,8,8,99,0
2003,388,2,0,H1,901,8,1440130,1440130,28563830,0
2003,388,1,0,H1,901,8,188437,188437,460728,0
2003,388,3,0,H1,9,1,,,7277,0
2003,388,2,0,H1,9,1,,,33529664,0
2003,388,1,0,H1,9,1,,,3891941,0
1991,388,1,0,H0,9,1,,,2500303,0
1991,388,2,0,H0,9,1,,,16208021,0
1991,388,3,0,H0,9,1,,,2174,0
1992,388,1,0,H0,9,1,,,2208517,0
1992,388,2,0,H0,9,1,,,20925376,0
1993,388,1,0,H0,9,1,,,2954029,0
1993,388,2,0,H0,9,1,,,23348477,0
1996,388,1,0,H0,9,1,,,4621722,0
1996,388,2,0,H0,9,1,,,36891104,0
1996,388,3,0,H0,9,1,,,210,0
1997,388,1,0,H0,9,1,,,5244967,0
1997,388,2,0,H0,9,1,,,38710304,0
1991,388,1,0,H0,901,8,141913,141913,333384,0
1991,388,2,0,H0,901,8,912539,912539,11982111,0
1992,388,1,0,H0,901,8,219727,219727,354113,0
1992,388,2,0,H0,901,8,1325778,1325778,16374624,0
1993,388,1,0,H0,901,8,280239,280239,573234,0
1993,388,2,0,H0,901,8,1395331,1395331,19431134,0
1996,388,1,0,H0,901,8,269720,269720,936177,0
1996,388,2,0,H0,901,8,1651376,1651376,32098464,0
1996,388,3,0,H0,901,8,30,30,210,0
1997,388,1,0,H0,901,8,154080,154080,813563,0
1997,388,2,0,H0,901,8,1735322,1735322,34553548,0
1991,388,1,0,H0,90111,8,129195,129195,257665,0
1991,388,2,0,H0,90111,8,904408,904408,11817115,0
1992,388,1,0,H0,90111,8,210065,210065,315547,0
1992,388,2,0,H0,90111,8,1317923,1317923,16203205,0
1993,388,1,0,H0,90111,8,274066,274066,498642,0
1993,388,2,0,H0,90111,8,1375101,1375101,19066517,0
1996,388,1,0,H0,90111,8,251908,251908,765463,0
1996,388,2,0,H0,90111,8,1630415,1630415,31486765,0
1997,388,1,0,H0,90111,8,141499,141499,725900,0
1997,388,2,0,H0,90111,8,1718591,1718591,34049684,0
1991,388,1,0,H0,90121,8,406,406,6220,0
1991,388,2,0,H0,90121,8,8131,8131,164996,0
1992,388,1,0,H0,90121,8,179,179,1741,0
1992,388,2,0,H0,90121,8,7855,7855,171419,0
1993,388,1,0,H0,90121,8,705,705,8527,0
1993,388,2,0,H0,90121,8,20214,20214,364588,0
1996,388,2,0,H0,90121,8,20941,20941,611629,0
1996,388,3,0,H0,90121,8,10,10,140,0
1997,388,1,0,H0,90121,8,449,449,6172,0
1997,388,2,0,H0,90121,8,16699,16699,503701,0
1991,388,1,0,H0,90140,8,12312,12312,69499,0
1992,388,1,0,H0,90140,8,9483,9483,36825,0
1993,388,1,0,H0,90140,8,5468,5468,66065,0
1993,388,2,0,H0,90140,8,16,16,29,0
1996,388,1,0,H0,90140,8,17812,17812,170714,0
1996,388,2,0,H0,90140,8,20,20,70,0
1996,388,3,0,H0,90140,8,20,20,70,0
1997,388,1,0,H0,90140,8,12132,12132,81491,0
1997,388,2,0,H0,90140,8,32,32,162,0
1991,388,1,0,H0,902,8,151079,151079,665297,0
1991,388,2,0,H0,902,8,13162,13162,39165,0
1992,388,1,0,H0,902,8,84118,84118,332857,0
1993,388,1,0,H0,902,8,135688,135688,808899,0
1996,388,1,0,H0,902,8,198224,198224,1159784,0
1997,388,1,0,H0,902,8,177026,177026,1132128,0
1991,388,1,0,H0,90240,8,151079,151079,665297,0
1991,388,2,0,H0,90240,8,13162,13162,39165,0
1992,388,1,0,H0,90240,8,84118,84118,332857,0
1993,388,1,0,H0,90240,8,135688,135688,808899,0
1996,388,1,0,H0,90240,8,198224,198224,1159784,0
1997,388,1,0,H0,90240,8,177026,177026,1132128,0
1991,388,1,0,H0,903,8,1375,1375,9332,0
1992,388,1,0,H0,903,8,1776,1776,11750,0
1993,388,1,0,H0,903,8,3245,3245,35213,0
1996,388,1,0,H0,903,8,3967,3967,9878,0
1997,388,1,0,H0,903,8,121,121,1063,0
1991,388,1,0,H0,90300,8,1375,1375,9332,0
1992,388,1,0,H0,90300,8,1776,1776,11750,0
1993,388,1,0,H0,90300,8,3245,3245,35213,0
1996,388,1,0,H0,90300,8,3967,3967,9878,0
1997,388,1,0,H0,90300,8,121,121,1063,0
1991,388,1,0,H0,904,8,261995,261995,425122,0
1991,388,2,0,H0,904,8,1783253,1783253,3582308,0
1992,388,1,0,H0,904,8,345852,345852,558390,0
1992,388,2,0,H0,904,8,1824137,1824137,3806976,0
1993,388,1,0,H0,904,8,522048,522048,647371,0
1993,388,2,0,H0,904,8,1743451,1743451,3246522,0
1996,388,1,0,H0,904,8,495916,495916,1246675,0
1996,388,2,0,H0,904,8,1730606,1730606,3803721,0
1997,388,1,0,H0,904,8,605266,605266,1895069,0
1997,388,2,0,H0,904,8,1290026,1290026,2959580,0
1991,388,1,0,H0,90411,8,179260,179260,280093,0
1991,388,2,0,H0,90411,8,488,488,987,0
1992,388,1,0,H0,90411,8,272178,272178,380147,0
1993,388,1,0,H0,90411,8,293137,293137,426499,0
1993,388,2,0,H0,90411,8,574,574,804,0
1996,388,1,0,H0,90411,8,360596,360596,915478,0
1996,388,2,0,H0,90411,8,8364,8364,17290,0
1997,388,1,0,H0,90411,8,317315,317315,1156925,0
1997,388,2,0,H0,90411,8,6778,6778,21421,0
1991,388,1,0,H0,90412,8,59780,59780,104068,0
1991,388,2,0,H0,90412,8,21878,21878,31963,0
1992,388,1,0,H0,90412,8,40204,40204,85302,0
1992,388,2,0,H0,90412,8,51140,51140,92350,0
1993,388,1,0,H0,90412,8,118155,118155,115026,0
1993,388,2,0,H0,90412,8,54631,54631,115026,0
1996,388,1,0,H0,90412,8,66445,66445,171585,0
1996,388,2,0,H0,90412,8,38411,38411,83981,0
1997,388,1,0,H0,90412,8,129484,129484,354644,0
1997,388,2,0,H0,90412,8,29338,29338,104100,0
1991,388,1,0,H0,90420,8,22955,22955,40961,0
1991,388,2,0,H0,90420,8,1760887,1760887,3549358,0
1992,388,1,0,H0,90420,8,33470,33470,92941,0
1992,388,2,0,H0,90420,8,1772997,1772997,3714626,0
1993,388,1,0,H0,90420,8,110756,110756,105846,0
1993,388,2,0,H0,90420,8,1688246,1688246,3130692,0
1996,388,1,0,H0,90420,8,68875,68875,159612,0
1996,388,2,0,H0,90420,8,1683831,1683831,3702450,0
1997,388,1,0,H0,90420,8,158467,158467,383500,0
1997,388,2,0,H0,90420,8,1253910,1253910,2834059,0
1991,388,1,0,H0,905,8,2937,2937,47374,0
1991,388,2,0,H0,905,8,171,171,2174,0
1991,388,3,0,H0,905,8,171,171,2174,0
1992,388,1,0,H0,905,8,1647,1647,31406,0
1992,388,2,0,H0,905,8,85,85,4399,0
1993,388,1,0,H0,905,8,2277,2277,43680,0
1993,388,2,0,H0,905,8,451,451,11386,0
1996,388,1,0,H0,905,8,4229,4229,65898,0
1996,388,2,0,H0,905,8,17,17,99,0
1997,388,1,0,H0,905,8,4074,4074,67310,0
1991,388,1,0,H0,90500,8,2937,2937,47374,0
1991,388,2,0,H0,90500,8,171,171,2174,0
1991,388,3,0,H0,90500,8,171,171,2174,0
1992,388,1,0,H0,90500,8,1647,1647,31406,0
1992,388,2,0,H0,90500,8,85,85,4399,0
1993,388,1,0,H0,90500,8,2277,2277,43680,0
1993,388,2,0,H0,90500,8,451,451,11386,0
1996,388,1,0,H0,90500,8,4229,4229,65898,0
1996,388,2,0,H0,90500,8,17,17,99,0
1997,388,1,0,H0,90500,8,4074,4074,67310,0
1991,388,1,0,H0,906,8,5423,5423,16708,0
1991,388,2,0,H0,906,8,4,4,8,0
1992,388,1,0,H0,906,8,11902,11902,33434,0
1992,388,2,0,H0,906,8,515,515,3595,0
1993,388,1,0,H0,906,8,11909,11909,24554,0
1993,388,2,0,H0,906,8,84,84,811,0
1996,388,1,0,H0,906,8,12140,12140,35338,0
1996,388,2,0,H0,906,8,64,64,983,0
1997,388,1,0,H0,906,8,12456,12456,37645,0
1997,388,2,0,H0,906,8,11991,11991,11060,0
1991,388,1,0,H0,90610,8,48,48,557,0
1991,388,2,0,H0,90610,8,4,4,8,0
1992,388,1,0,H0,90610,8,27,27,264,0
1992,388,2,0,H0,90610,8,484,484,3296,0
1993,388,1,0,H0,90610,8,27,27,157,0
1993,388,2,0,H0,90610,8,47,47,234,0
1996,388,1,0,H0,90610,8,1250,1250,3833,0
1996,388,2,0,H0,90610,8,42,42,511,0
1997,388,1,0,H0,90610,8,222,222,1137,0
1997,388,2,0,H0,90610,8,5610,5610,4412,0
1991,388,1,0,H0,90620,8,5375,5375,16151,0
1992,388,1,0,H0,90620,8,11875,11875,33170,0
1992,388,2,0,H0,90620,8,31,31,299,0
1993,388,1,0,H0,90620,8,11882,11882,24397,0
1993,388,2,0,H0,90620,8,37,37,577,0
1996,388,1,0,H0,90620,8,10890,10890,31505,0
1996,388,2,0,H0,90620,8,22,22,472,0
1997,388,1,0,H0,90620,8,12234,12234,36508,0
1997,388,2,0,H0,90620,8,6381,6381,6648,0
1991,388,1,0,H0,907,8,828,828,4211,0
1992,388,1,0,H0,907,8,2433,2433,9109,0
1992,388,2,0,H0,907,8,21,21,172,0
1993,388,1,0,H0,907,8,1375,1375,2127,0
1993,388,2,0,H0,907,8,15356,15356,20893,0
1996,388,1,0,H0,907,8,2336,2336,4804,0
1996,388,2,0,H0,907,8,36,36,571,0
1997,388,1,0,H0,907,8,3125,3125,6021,0
1997,388,2,0,H0,907,8,10,10,191,0
1991,388,1,0,H0,90700,8,828,828,4211,0
1992,388,1,0,H0,90700,8,2433,2433,9109,0
1992,388,2,0,H0,90700,8,21,21,172,0
1993,388,1,0,H0,90700,8,1375,1375,2127,0
1993,388,2,0,H0,90700,8,15356,15356,20893,0
1996,388,1,0,H0,90700,8,2336,2336,4804,0
1996,388,2,0,H0,90700,8,36,36,571,0
1997,388,1,0,H0,90700,8,3125,3125,6021,0
1997,388,2,0,H0,90700,8,10,10,191,0
1991,388,1,0,H0,908,8,3516,3516,14735,0
1991,388,2,0,H0,908,8,50,50,193,0
1992,388,1,0,H0,908,8,7750,7750,31078,0
1992,388,2,0,H0,908,8,3894,3894,1635,0
1993,388,1,0,H0,908,8,18863,18863,49437,0
1993,388,2,0,H0,908,8,325,325,1822,0
1996,388,1,0,H0,908,8,21947,21947,61073,0
1996,388,2,0,H0,908,8,136,136,2936,0
1997,388,1,0,H0,908,8,9532,9532,31105,0
1997,388,2,0,H0,908,8,89,89,1582,0
1991,388,1,0,H0,90810,8,3500,3500,14550,0
1991,388,2,0,H0,90810,8,50,50,193,0
1992,388,1,0,H0,90810,8,7750,7750,31078,0
1992,388,2,0,H0,90810,8,3894,3894,1635,0
1993,388,1,0,H0,90810,8,18625,18625,46340,0
1993,388,2,0,H0,90810,8,325,325,1822,0
1996,388,1,0,H0,90810,8,21875,21875,60687,0
1996,388,2,0,H0,90810,8,136,136,2936,0
1997,388,1,0,H0,90810,8,9500,9500,30626,0
1997,388,2,0,H0,90810,8,89,89,1582,0
1996,388,1,0,H0,90820,8,2,2,49,0
1997,388,1,0,H0,90820,8,22,22,310,0
1991,388,1,0,H0,90830,8,16,16,185,0
1993,388,1,0,H0,90830,8,238,238,3097,0
1996,388,1,0,H0,90830,8,70,70,337,0
1997,388,1,0,H0,90830,8,10,10,169,0
1991,388,1,0,H0,909,8,22587,22587,55881,0
1992,388,1,0,H0,909,8,25112,25112,54809,0
1992,388,2,0,H0,909,8,3,3,22,0
1993,388,1,0,H0,909,8,37262,37262,88014,0
1993,388,2,0,H0,909,8,50,50,521,0
1996,388,1,0,H0,909,8,22635,22635,47259,0
1996,388,2,0,H0,909,8,167,167,1323,0
1997,388,1,0,H0,909,8,22918,22918,51920,0
1997,388,2,0,H0,909,8,46,46,410,0
1991,388,1,0,H0,90910,8,1933,1933,5748,0
1992,388,1,0,H0,90910,8,5417,5417,15339,0
1993,388,1,0,H0,90910,8,3629,3629,23997,0
1993,388,2,0,H0,90910,8,30,30,226,0
1996,388,1,0,H0,90910,8,1558,1558,6691,0
1996,388,2,0,H0,90910,8,167,167,1321,0
1997,388,1,0,H0,90910,8,811,811,2265,0
1991,388,1,0,H0,90920,8,11061,11061,17287,0
1992,388,1,0,H0,90920,8,13139,13139,17176,0
1993,388,1,0,H0,90920,8,24420,24420,33633,0
1993,388,2,0,H0,90920,8,7,7,88,0
1996,388,1,0,H0,90920,8,13748,13748,20859,0
1997,388,1,0,H0,90920,8,12308,12308,23387,0
1997,388,2,0,H0,90920,8,44,44,404,0
1991,388,1,0,H0,90930,8,4486,4486,10944,0
1992,388,1,0,H0,90930,8,2701,2701,9312,0
1992,388,2,0,H0,90930,8,3,3,22,0
1993,388,1,0,H0,90930,8,2424,2424,7969,0
1993,388,2,0,H0,90930,8,13,13,207,0
1996,388,1,0,H0,90930,8,3074,3074,8087,0
1996,388,2,0,H0,90930,1,0,0,2,0
1997,388,1,0,H0,90930,8,4031,4031,11241,0
1991,388,1,0,H0,90940,8,355,355,1455,0
1992,388,1,0,H0,90940,8,1125,1125,2479,0
1993,388,1,0,H0,90940,8,2937,2937,6249,0
1996,388,1,0,H0,90940,8,40,40,247,0
1997,388,1,0,H0,90940,8,1187,1187,2441,0
1991,388,1,0,H0,90950,8,4752,4752,20447,0
1992,388,1,0,H0,90950,8,2730,2730,10503,0
1993,388,1,0,H0,90950,8,3852,3852,16166,0
1996,388,1,0,H0,90950,8,4215,4215,11375,0
1997,388,1,0,H0,90950,8,4581,4581,12586,0
1997,388,2,0,H0,90950,8,2,2,6,0
1991,388,1,0,H0,910,8,374772,374772,928259,0
1991,388,2,0,H0,910,8,171483,171483,602062,0
1992,388,1,0,H0,910,8,291347,291347,791571,0
1992,388,2,0,H0,910,8,235684,235684,733953,0
1993,388,1,0,H0,910,8,259518,259518,681500,0
1993,388,2,0,H0,910,8,211077,211077,635388,0
1996,388,1,0,H0,910,8,404854,404854,1054836,0
1996,388,2,0,H0,910,8,282116,282116,983007,0
1997,388,1,0,H0,910,8,467597,467597,1209143,0
1997,388,2,0,H0,910,8,282378,282378,1183935,0
1991,388,1,0,H0,91010,8,1000,1000,2661,0
1991,388,2,0,H0,91010,8,51124,51124,300680,0
1992,388,1,0,H0,91010,8,6187,6187,19783,0
1992,388,2,0,H0,91010,8,43870,43870,246162,0
1993,388,1,0,H0,91010,8,7484,7484,14341,0
1993,388,2,0,H0,91010,8,17437,17437,91317,0
1996,388,1,0,H0,91010,8,10938,10938,21915,0
1996,388,2,0,H0,91010,8,15749,15749,85295,0
1997,388,1,0,H0,91010,8,27213,27213,55633,0
1997,388,2,0,H0,91010,8,50584,50584,341556,0
1991,388,1,0,H0,91020,1,0,0,990,0
1992,388,1,0,H0,91020,8,113,113,1068,0
1992,388,2,0,H0,91020,8,917,917,41,0
1993,388,1,0,H0,91020,8,150,150,1513,0
1996,388,1,0,H0,91020,8,207,207,3104,0
1996,388,2,0,H0,91020,8,61,61,2220,0
1997,388,1,0,H0,91020,8,371,371,3685,0
1991,388,1,0,H0,91030,8,3874,3874,16781,0
1991,388,2,0,H0,91030,8,20347,20347,17509,0
1992,388,1,0,H0,91030,8,100,100,711,0
1992,388,2,0,H0,91030,8,44163,44163,48971,0
1993,388,1,0,H0,91030,8,40812,40812,65546,0
1993,388,2,0,H0,91030,8,12521,12521,6855,0
1996,388,1,0,H0,91030,8,48295,48295,70706,0
1996,388,2,0,H0,91030,8,15768,15768,7361,0
1997,388,1,0,H0,91030,8,31398,31398,53914,0
1997,388,2,0,H0,91030,8,19641,19641,10940,0
1991,388,1,0,H0,91040,8,3437,3437,11898,0
1991,388,2,0,H0,91040,8,94107,94107,275761,0
1992,388,1,0,H0,91040,8,2512,2512,8758,0
1992,388,2,0,H0,91040,8,135253,135253,411145,0
1993,388,1,0,H0,91040,8,2660,2660,8071,0
1993,388,2,0,H0,91040,8,168635,168635,502114,0
1996,388,1,0,H0,91040,8,1684,1684,7421,0
1996,388,2,0,H0,91040,8,237665,237665,836021,0
1997,388,1,0,H0,91040,8,2519,2519,6455,0
1997,388,2,0,H0,91040,8,196607,196607,752363,0
1991,388,1,0,H0,91050,8,3000,3000,19232,0
1991,388,2,0,H0,91050,8,1095,1095,6260,0
1992,388,1,0,H0,91050,8,226,226,940,0
1992,388,2,0,H0,91050,8,10364,10364,24059,0
1993,388,1,0,H0,91050,8,2562,2562,11114,0
1993,388,2,0,H0,91050,8,5252,5252,21125,0
1996,388,1,0,H0,91050,8,289,289,619,0
1996,388,2,0,H0,91050,8,10291,10291,43426,0
1997,388,1,0,H0,91050,8,302,302,2004,0
1997,388,2,0,H0,91050,8,14002,14002,65395,0
1991,388,1,0,H0,91091,8,2797,2797,9057,0
1991,388,2,0,H0,91091,8,41,41,71,0
1992,388,1,0,H0,91091,8,62,62,359,0
1992,388,2,0,H0,91091,8,25,25,73,0
1993,388,1,0,H0,91091,8,21269,21269,56138,0
1993,388,2,0,H0,91091,8,207,207,1342,0
1996,388,1,0,H0,91091,8,6542,6542,22201,0
1996,388,2,0,H0,91091,8,658,658,2553,0
1997,388,1,0,H0,91091,8,1687,1687,5289,0
1997,388,2,0,H0,91091,8,239,239,2664,0
1991,388,1,0,H0,91099,8,360264,360264,867640,0
1991,388,2,0,H0,91099,8,4769,4769,1781,0
1992,388,1,0,H0,91099,8,282147,282147,759952,0
1992,388,2,0,H0,91099,8,1092,1092,3502,0
1993,388,1,0,H0,91099,8,184581,184581,524777,0
1993,388,2,0,H0,91099,8,7025,7025,12635,0
1996,388,1,0,H0,91099,8,336899,336899,928870,0
1996,388,2,0,H0,91099,8,1924,1924,6131,0
1997,388,1,0,H0,91099,8,404107,404107,1082163,0
1997,388,2,0,H0,91099,8,1305,1305,11017,0
